,nome,sexo,nascimento,documento,tipo_documento
0,JGMHQBMRJLWTQQRWNQJIPBKYBWKMQFDQXWFCYFZWXWFMZZPJFX,M,2004-01-06,036747368815220,A
1,MZMPEBCVJPSOHUYHZILOWLCIUHFLKCVMZQRRSSWWKZNYRXKRKB,F,2006-07-25,851238418744176,A
2,RCSSIZXWVUJKQCAXIHAKHXGEVMWZBAYFQKTWPWOUEOVNEUSHTC,F,1992-07-05,901993578854630,A
3,LDQKCWKHAUIDQEGDPILUEHMBROVFOUMNZFLSYLMVQOKMMRWTUC,F,2004-08-03,348910643722745,A
4,QZYGDTPFAPAJAPWHZEQBYKURRWWDMTHRQEEBYBKIWCCTNHQEIA,F,2005-11-22,276630730135274,A
5,QZYGDTPFAPAJAPWHZEQBYKURRWWDMTHRQEEBYBKIWCCTNHQEIA,F,2005-11-22,218306111437641,B
6,TWRMEBYXVYBOOQBUDMMUOJTSLUROLWZCKWXXTJQJHAJGVYFAVT,F,1994-12-29,931298496019054,A
7,TWRMEBYXVYBOOQBUDMMUOJTSLUROLWZCKWXXTJQJHAJGVYFAVT,F,1994-12-29,810147024877626,B
8,PDUJTYSZQHNUUTVXTGGJJESBSHYQXGLEGWGYLXYZSJDBXYPTHG,F,1987-11-12,398002443136897,A
9,PDUJTYSZQHNUUTVXTGGJJESBSHYQXGLEGWGYLXYZSJDBXYPTHG,F,1987-11-12,421791500734341,B
10,QQPLLZKXLKGMOPKTLFHJGEXEDQURREAEEXBKMFNHDJLZJQOIOU,F,2001-06-30,338805221567302,A
11,BISIXIOHWVLNQVGPHYRFMXMESDJCIQZUURJIVJQZPNBIBZYLMQ,M,1982-01-06,029712160982554,A
12,BISIXIOHWVLNQVGPHYRFMXMESDJCIQZUURJIVJQZPNBIBZYLMQ,M,1982-01-06,933874437084891,B
13,NLXKYBRIZXZJIPKVORAUUTKYORBPGWPUEOLBOHVNQGFPUANZMF,F,1981-05-14,094884950614220,A
14,WHXCKPSKENTGQWDKNMXTMCFLIJXGOUGWBFVPGIHPPSGRRAFHKI,M,1986-05-19,036551515792333,A
15,QDMJGYEKGHEITWGXOGBWOPLPDHJRTNLPLESMNVQOVADMKFJTOY,M,1990-04-26,600578064012818,A
16,QDMJGYEKGHEITWGXOGBWOPLPDHJRTNLPLESMNVQOVADMKFJTOY,M,1990-04-26,767565464714306,B
17,CPNNVTHHZJHHDIKGIJFTWFHWELQZJYDNWWDNGUISMUVHCTKESB,M,2009-08-22,067374604675337,A
18,VNLYWPFTQCIDQMENNKPRTOJESDMKUQDLSVLRTVHROOKRDERKEY,F,2007-11-10,541266059421059,A
19,VNLYWPFTQCIDQMENNKPRTOJESDMKUQDLSVLRTVHROOKRDERKEY,F,2007-11-10,142482812547148,B
20,WQNOTFBKZIDEBIVAVTGKFAWTJKKDVJUXHKOBGFZRJGLXFMKRJV,M,1992-09-28,152508697889080,A
21,WQNOTFBKZIDEBIVAVTGKFAWTJKKDVJUXHKOBGFZRJGLXFMKRJV,M,1992-09-28,228731438405222,B
22,XSZVRNAHWZYKRQIQOOSVNYYOSEYTAYZUHLXLTFEUWFPQDIYAPN,F,1976-11-11,641401893262670,A
23,XSZVRNAHWZYKRQIQOOSVNYYOSEYTAYZUHLXLTFEUWFPQDIYAPN,F,1976-11-11,935269111375907,B
24,PBACMOLLVAXOFONKHXPEBRMMVMBGYGRQRBQUOQKVNORPYUSVFG,F,1984-02-06,202620531970336,A
25,XGBOTWBZZHASAERFSLWMRKVEKDOPJBYIAOVLUWVWPRGNAJGGXR,M,1970-02-25,425437374520729,A
26,FUUAZLKVXRGSTQFSUXXPWLWPAKRCHSEIYRCAQGJQWLDKKAOYTS,M,1990-11-18,072729995898362,A
27,FUUAZLKVXRGSTQFSUXXPWLWPAKRCHSEIYRCAQGJQWLDKKAOYTS,M,1990-11-18,388427141018938,B
28,BWTRWOXWGRDCEPUFTNLDFWRKGJKXJZBKMZBGSTYFPQFHHVNQLK,F,1988-05-08,726908441933928,A
29,OMSMKXDUCLKUKSUFKASCYGVDDXEDOAETGVUWUHYQPBLTDRNHDN,F,2007-10-20,406833349966454,A
30,OMSMKXDUCLKUKSUFKASCYGVDDXEDOAETGVUWUHYQPBLTDRNHDN,F,2007-10-20,500003923471251,B
31,POSDCAAKLLTWSHHFQLVPESBJQSZMYAYOQSCSCVBPULFEVLAGZG,F,1971-01-14,441252729166503,A
32,POSDCAAKLLTWSHHFQLVPESBJQSZMYAYOQSCSCVBPULFEVLAGZG,F,1971-01-14,351121055712656,B
33,DLVMOAXCMJBYQOKWOQQLCIUNYSRLZHBSMQSFNUJJVLYVIFZODH,F,1990-11-02,341681318492137,A
34,QHBLVRQGEAHBSXIMRKJDRZWNFFZRYKBBSBSYQSVDYAKMXVLAJX,F,1990-01-24,800822038830647,A
35,QHBLVRQGEAHBSXIMRKJDRZWNFFZRYKBBSBSYQSVDYAKMXVLAJX,F,1990-01-24,381486028831996,B
36,DKEAYZPRQRVZLDZSCIUNWYOXJPMAQMPVZQTMDQRHNYTBOQYCEQ,M,2002-12-06,086910966514864,A
37,DKEAYZPRQRVZLDZSCIUNWYOXJPMAQMPVZQTMDQRHNYTBOQYCEQ,M,2002-12-06,325397306478840,B
38,CRVEQMEBJWNXMAPOSEHKUWZJQWNHGETLHYTFELEJLUOKYESJUC,M,1984-07-06,299695159964866,A
39,CRVEQMEBJWNXMAPOSEHKUWZJQWNHGETLHYTFELEJLUOKYESJUC,M,1984-07-06,041491510018959,B
40,GDRXCEVPORTMKUPAFPMIHPHGBDFGOCKPSUYOAGAKJNKSHZONNF,M,1988-05-07,808798993950192,A
41,VNNAGMAEVJUVVYHOVTNPRMTTBFWGIRBZPBBTAYVYWTOCMVTFHL,M,1991-12-10,084607159101709,A
42,NRKNEGPVTLAKHOWTOEENYISZECDAJDSHPVIUOUTINKDYETNMXY,F,2009-02-23,782170175916448,A
43,MCUAWOXIMGLFWGXQTLCBEBRLTGDXDURXWPCVWDAZKMABXONLLO,F,2006-12-25,710291417918735,A
44,MCUAWOXIMGLFWGXQTLCBEBRLTGDXDURXWPCVWDAZKMABXONLLO,F,2006-12-25,225811063918137,B
45,DGUWMOGQFMUIRGEBULZKYLSUATSBFYQAGFOVKHQBVLGXNTQFDO,F,1990-06-21,272763598179807,A
46,DGUWMOGQFMUIRGEBULZKYLSUATSBFYQAGFOVKHQBVLGXNTQFDO,F,1990-06-21,689372327867119,B
47,DBWWCAIAMTPEBVTSANAFPUFONDYEURXYVWFMEPCSTIWXWVFGGQ,M,2000-02-16,893636169766591,A
48,KLRYQVUNLXXTGAIBALRTGAWGVOEGCPLDMOOYEOBIIPYHPEWKLU,F,1994-09-06,059869065781847,A
49,VHEKQUGJZYKYHHKDPDQXSUUATVXPJUFHGLRWIFKPRVQUFYWMIL,M,1973-05-23,244601936026456,A
50,FOTTNUCGRAUCIGYXWPAHEXNXLJMLSBUPMLJQHOXPLRPNUVIBQR,F,1993-09-24,520912729838490,A
51,RVYMKVSVFUCCPKJEPKCKJRQOGHVJAULOFGNFDGSTZBTDEZSENR,F,1996-01-29,401987619455194,A
52,YTIOXDBQWWFUQTRGAGOLQESGBYVVGMXXFFYAUVTSESKLFHEQRN,M,1997-09-26,521475120155299,A
53,YTIOXDBQWWFUQTRGAGOLQESGBYVVGMXXFFYAUVTSESKLFHEQRN,M,1997-09-26,830947405479611,B
54,YESHDZXYKXFXIMYGDJWUMFIFZNEEXTRBXATQMBTIVNBJBZXHNW,M,1985-09-21,633448022334898,A
55,YESHDZXYKXFXIMYGDJWUMFIFZNEEXTRBXATQMBTIVNBJBZXHNW,M,1985-09-21,364283167679428,B
56,IDSMDDWJYRETMZIRJEYKCJGDLXGMKFLKLNPOCBHERSGXJVEXVM,F,1995-08-12,077056724625892,A
57,IDSMDDWJYRETMZIRJEYKCJGDLXGMKFLKLNPOCBHERSGXJVEXVM,F,1995-08-12,477033838723221,B
58,TTALWYICPZUOIGJFCQKSAWOQVIWRLRQSUAFNQDRTMMXXCZNJZI,M,2000-07-21,934513052073394,A
59,TTALWYICPZUOIGJFCQKSAWOQVIWRLRQSUAFNQDRTMMXXCZNJZI,M,2000-07-21,599927375329893,B
60,QUKMLYEXMFMNZDATLIKFQSNTTLADEBKRADGLMLNYUXIWVLIIWS,F,1997-03-08,469771232967488,A
61,YDTHITBARFMBBVADWFLDQXNBOGYXJMXVLXFQMSJDGPGNMZYVQY,M,1974-08-12,762068961449253,A
62,YDTHITBARFMBBVADWFLDQXNBOGYXJMXVLXFQMSJDGPGNMZYVQY,M,1974-08-12,280143298784563,B
63,HLHRTGGFMDIKNRCVVVJXNXPSEAXYNBLYOGZTCVHNAALCNKLHQJ,M,1986-06-03,862550657354650,A
64,HLHRTGGFMDIKNRCVVVJXNXPSEAXYNBLYOGZTCVHNAALCNKLHQJ,M,1986-06-03,406137061066915,B
65,GQTFADQDJPLJPENNQKCHEHMMVLZCZTKWKYEFXZSYRDMYVRPDBR,M,1984-01-07,168943294777822,A
66,RUANFQTJAHVRNWDEOMAMNRJOPGLNLXCVZCWBCHZATZBPOPTUAK,M,1994-06-29,905618085173110,A
67,RUANFQTJAHVRNWDEOMAMNRJOPGLNLXCVZCWBCHZATZBPOPTUAK,M,1994-06-29,560845395553157,B
68,TKYELZHMJGDGZYWWSYKGQKRQAGMHPVFXSOAOOBINHDBRCGZISM,F,2005-09-08,045088507520646,A
69,DYGRGBDCFBRSHDWBNZYOSWMHFUKHPGHXDNDDKFJKNAYXYBYUEE,M,1971-07-21,577697700224684,A
70,DYGRGBDCFBRSHDWBNZYOSWMHFUKHPGHXDNDDKFJKNAYXYBYUEE,M,1971-07-21,477276720104013,B
71,DHADLNQEPSYGLYRGBVDJVSGXDYRESWZKWEIRURQBCGDJCJKZVZ,M,1983-07-24,036243209297413,A
72,YXYJJFHKWSBGIRXZAHNNFQFRWDCJIBQIEAZWHOZJUYMXZFWPPV,F,2002-09-15,991020445620105,A
73,YXYJJFHKWSBGIRXZAHNNFQFRWDCJIBQIEAZWHOZJUYMXZFWPPV,F,2002-09-15,502100898464074,B
74,NPTCGMHZVAPJAXZAONQXGYRJTISZAPLBTMRWQMZOOBLPXPLHLN,F,1981-06-24,330197070658700,A
75,NPTCGMHZVAPJAXZAONQXGYRJTISZAPLBTMRWQMZOOBLPXPLHLN,F,1981-06-24,042638656737143,B
76,AMIVXVKMPEWMORNQIBAPMWJCWMZFUWPYDWNTFJHDHVWGEOYVGX,F,2006-08-24,034420310596821,A
77,AMIVXVKMPEWMORNQIBAPMWJCWMZFUWPYDWNTFJHDHVWGEOYVGX,F,2006-08-24,307739188247335,B
78,HJJZFPIQDEQKTDKLWXHREVGMBUCZBDRYORMMVRDNXPMNIWYUDR,F,1988-06-28,588432028065056,A
79,EQDDFYDHTCNBPXYVUAVYRVVJTAXCXHTFQHJHJODTSCSABWCLIU,M,2004-01-19,385439256135704,A
80,EQDDFYDHTCNBPXYVUAVYRVVJTAXCXHTFQHJHJODTSCSABWCLIU,M,2004-01-19,722540065639565,B
81,CRUSKWGROPBFLPSSNVHCWGDHGXZRVENLODUXHVOKZTFHTGWFNA,M,1991-10-28,425257804796678,A
82,RLHMYPVYYGRKXEKWAGKGLIRJMYXUMRGABPCNGKFVICHFTIVERL,M,1971-03-30,605835143156624,A
83,RLHMYPVYYGRKXEKWAGKGLIRJMYXUMRGABPCNGKFVICHFTIVERL,M,1971-03-30,184457897155364,B
84,QCRSXVRSRZWUUYSASXTOLMYHMRCLLXJHVAAUAFPARZOTMOJTDN,M,1987-06-30,399576512984850,A
85,QCRSXVRSRZWUUYSASXTOLMYHMRCLLXJHVAAUAFPARZOTMOJTDN,M,1987-06-30,193117135027910,B
86,UOEMEIPZYJOPVODXBYWRVVNXLSFMFAJUEMCOAUZXMYIWEZGDFQ,M,1986-06-15,998581027554684,A
87,GRCYSQSQUTNHVRCHMIEKCZPWSFWARLFZFTERXKMRUQFWZQNSYR,M,1975-03-07,300924188283947,A
88,GRCYSQSQUTNHVRCHMIEKCZPWSFWARLFZFTERXKMRUQFWZQNSYR,M,1975-03-07,285481322807925,B
89,BQXFYEDMRCBULZOBVMTMXURLEKONLDALFXMFVPRHRZOSNRTDHK,M,1978-12-05,864388949379213,A
90,BQXFYEDMRCBULZOBVMTMXURLEKONLDALFXMFVPRHRZOSNRTDHK,M,1978-12-05,949373428005807,B
91,ZTWTIWLLVMIBUDHQPNRXWGBMQFAJEILBSNWIZNWYJDFVLVXZUT,M,1999-12-29,430504841683224,A
92,QJDJCZPWOLGGHLPGUMSNXBIQYLKALPZITKLIVFZWSYHSMGSNCZ,M,1982-01-07,369376733137059,A
93,QJDJCZPWOLGGHLPGUMSNXBIQYLKALPZITKLIVFZWSYHSMGSNCZ,M,1982-01-07,472725694987294,B
94,IVOYZKGUFDYRLMSBKTFUWJQPGKMKKLTDUCFBNYYTTCVLALZHBS,F,1972-03-22,249562065795947,A
95,EWHMSCQRPTPOHNJPXLMRIDGKFHMZJLLSDNQCWRLLOWEPBPTNZX,F,1992-05-05,939452848639875,A
96,EWHMSCQRPTPOHNJPXLMRIDGKFHMZJLLSDNQCWRLLOWEPBPTNZX,F,1992-05-05,715742466575884,B
97,ULZUNZEHVRAMWQUSXURJTRPVCZEJIPVYLNAECYVHXWZLZFRHSZ,F,1980-10-17,965842011859551,A
98,ULZUNZEHVRAMWQUSXURJTRPVCZEJIPVYLNAECYVHXWZLZFRHSZ,F,1980-10-17,482286722639718,B
99,XVGZHGIGOBFOOMQKKMRVVLVKJEAPOGQWFIJGNUHOHVFFRSPYEY,F,1971-02-20,273926903490498,A
100,XVGZHGIGOBFOOMQKKMRVVLVKJEAPOGQWFIJGNUHOHVFFRSPYEY,F,1971-02-20,569152497657399,B
101,ZHCRVNZBBDQRMETMJPCVMKDGPNMKPKJFCKUELVKLQSILQFCNYF,M,1998-02-28,784922426088522,A
102,ZHCRVNZBBDQRMETMJPCVMKDGPNMKPKJFCKUELVKLQSILQFCNYF,M,1998-02-28,197888174929347,B
103,KTTRUZRHOYGIFQPDWJJUOLVNOOJRYQPZDPDPGOITSPHOBBEBDO,F,1978-08-04,512075423376301,A
104,KFMBCCCCRZJAZSYVEKINDBPLXCWPUEGDCCRBCFGDPTWSDATVPE,M,1985-12-31,010059686319319,A
105,MYAIXWMOEOPETJCFKFVAQEALQTLSXIPGJXJOGGHBNEVFDYUWNE,M,1982-01-05,782498005666808,A
106,KOCTNYUHFVCLZMGSCBWHYLTWPGDGBQXMZDRIGYMIMQNTRFEFVE,F,1993-01-27,649366283673430,A
107,MQTNQSILDYTXETMDJVSBJNWVRRPLOEIUNVKDVKWFHGCONSAXJJ,M,1994-04-24,642549923469742,A
108,UUGUBITRUZRPROFHEQDTXBUTZGQDOANFQMJFTNJEMYMFXJSVPN,M,1980-10-07,558586944493064,A
109,UUGUBITRUZRPROFHEQDTXBUTZGQDOANFQMJFTNJEMYMFXJSVPN,M,1980-10-07,349074520167449,B
110,HPYHIOQRAICBMJDKGWGTIYFYPCBRLZIXEDVXZUISXMEVPAJJKR,M,1985-07-13,849913405265477,A
111,HPYHIOQRAICBMJDKGWGTIYFYPCBRLZIXEDVXZUISXMEVPAJJKR,M,1985-07-13,620245703787927,B
112,NGHLHRZQDPNWVWIFCHVGWNGWXMWWXDYPICUEHVXFQCXHCMATEA,F,1979-04-15,767360810805641,A
113,NGHLHRZQDPNWVWIFCHVGWNGWXMWWXDYPICUEHVXFQCXHCMATEA,F,1979-04-15,318434820033589,B
114,AMMOFSEWAYCJHADPUSZSSJXYTPAJBCFDZTTQFYLTITTFYVUEZU,M,1981-08-01,405098833378577,A
115,AMMOFSEWAYCJHADPUSZSSJXYTPAJBCFDZTTQFYLTITTFYVUEZU,M,1981-08-01,789990326653802,B
116,KESJBMADGVYIMLWAEWLNCWVYENIDZZDTWWKKVRZTZFMRQZTMLR,M,2007-01-17,962592380082357,A
117,KESJBMADGVYIMLWAEWLNCWVYENIDZZDTWWKKVRZTZFMRQZTMLR,M,2007-01-17,847698823848865,B
118,MLAOCPOLHXZBHITLPSIHQWJMKSZRFNSQJYVZYZRBIIVQGFCMIB,M,1973-02-04,832922844295333,A
119,ZQHAEXLKNCRLKLLXCTJJJHPGHLCPFVFKJIJXUPEYQXSZSFEULP,F,1992-07-27,394432536268709,A
120,WOIDCWUSJBACOWQDBXZRQIEWXQUHZJKYFHITTEJJEFGLQDKAKF,F,1973-11-06,680790970570434,A
121,WOIDCWUSJBACOWQDBXZRQIEWXQUHZJKYFHITTEJJEFGLQDKAKF,F,1973-11-06,050160638822288,B
122,PHGDZZJUDGMUDKFCCRBILFJNBETYFLSSUHLDLYIMQMOJWJLICN,M,1992-08-02,581237875254132,A
123,KVSSTTVPRQBFUMUFKXSHNWRYXLWQQMPDPGEORKQBRPIJNXRDTE,F,1971-04-24,018134567347548,A
124,KVSSTTVPRQBFUMUFKXSHNWRYXLWQQMPDPGEORKQBRPIJNXRDTE,F,1971-04-24,103910143232341,B
125,KZYXPSYLJIITFBBMOWUEKBTKMTPRGEZMDXZULWCTASRNVAGZOM,F,1990-03-25,042374607586402,A
126,SFIGZOSKJXFJYLYBGCRSQHPCDIGNPEZBDSPNRZOPJCKDSENUBC,F,2008-10-14,035258241679075,A
127,NKMFSSWZWRZACUORLHDGBSSEVIDXSYFSQEMAKJMUQVZMKLPEMZ,F,1973-10-04,478446352877054,A
128,NKMFSSWZWRZACUORLHDGBSSEVIDXSYFSQEMAKJMUQVZMKLPEMZ,F,1973-10-04,486701217769271,B
129,HQCUQADRZPKZKMBUEXBVCEBFMBRVHVNDHRNPNFUMLETROEEXBU,M,2007-08-14,520956379353999,A
130,SKDVSIZYZJREOOSXVAOINKQELJNERMMYKCYKABFNUCWOJBCAZQ,M,2008-10-05,410385892088211,A
131,KRYRONDEQBHNWOJWWTPGZHSIXVRZYUNRNYBVLPUVTBHNHSXRZV,M,1981-06-10,956057999766837,A
132,KJTFAJKDKIJDEMVJJWKAMCQKCYGPLKGRLWKMKDNVPEOMHPFPYL,M,2003-06-20,262152713346981,A
133,KJTFAJKDKIJDEMVJJWKAMCQKCYGPLKGRLWKMKDNVPEOMHPFPYL,M,2003-06-20,941966408872071,B
134,TSIZUDDHITSIOEBBKGGPYYGBZQOPKTYHBJFKQPVTNTOXAHJDPC,F,1997-01-07,224825319880492,A
135,TSIZUDDHITSIOEBBKGGPYYGBZQOPKTYHBJFKQPVTNTOXAHJDPC,F,1997-01-07,873273759140636,B
136,OCKXWZUJAVSHWHLWKBYDSVMLNFURCLYIDJACKPUEWXAPKORYJN,F,1990-07-09,898599466198796,A
137,OCKXWZUJAVSHWHLWKBYDSVMLNFURCLYIDJACKPUEWXAPKORYJN,F,1990-07-09,529215102643543,B
138,WRBKWLXWAKKBPOBKNGJZGLMOCFLPKNIHMHEFQGMGVNPHNPLXOJ,M,1993-08-03,248756749330806,A
139,WRBKWLXWAKKBPOBKNGJZGLMOCFLPKNIHMHEFQGMGVNPHNPLXOJ,M,1993-08-03,831051679066705,B
140,FABDUQBTLADJPADJZVQAQSNYIHHEPKEPDZWPMHBGVJOLEGMDFT,M,1970-02-28,217252748471029,A
141,FABDUQBTLADJPADJZVQAQSNYIHHEPKEPDZWPMHBGVJOLEGMDFT,M,1970-02-28,244881164036705,B
142,WLBZCXYXTZWTISBVBCNOSUSHIWIXZOKMZNBWPGIIIPUTLEIOGP,M,2009-12-12,891570659033275,A
143,ZPULIDTGFQPGPJCCHKXVNKWFXBLRQVJACRSIDUUZPLSPXUINMX,M,1970-10-13,582277621458066,A
144,IURVQQXDJZIASRYZECJJYPWADEXHXCNIYOHGSLLJLWTOCQZXYK,M,1977-10-04,798738318502825,A
145,IURVQQXDJZIASRYZECJJYPWADEXHXCNIYOHGSLLJLWTOCQZXYK,M,1977-10-04,102393323110215,B
146,QJNYHPKOUZCEFBYQSJXJMSFVCZTIJAPMWDSQMISWBIICJYLRGB,M,1993-04-12,323024837622936,A
147,QJNYHPKOUZCEFBYQSJXJMSFVCZTIJAPMWDSQMISWBIICJYLRGB,M,1993-04-12,855321502397356,B
148,TCELCTKGPPNXKYJQHJSCDRSWCHBUGQGEQGDZVXULHLVJJWYNHI,F,2006-09-30,708720673880819,A
149,SJXQWCSNCKBFXCIORAHURCTKVFVPHZJBLRWNJCFTGTROABQNNP,F,1972-04-14,354485156033516,A
150,COYCUTANCDZNNLWRKBXLYCEPLDWIFEJQNROZXFJAYQVTUQQPNZ,F,1985-08-03,513750777652454,A
151,IVBRFGOWUMMLSBOUJINBZZPUXDAHDWOWVORXUSFIMTDTYPXLML,F,1979-01-22,719536687335953,A
152,IVBRFGOWUMMLSBOUJINBZZPUXDAHDWOWVORXUSFIMTDTYPXLML,F,1979-01-22,678848609412389,B
153,FVXWJSWDZOPRELRVVQETZKZAHUXNUGEKVXKUBOLPFHNPBGIPYA,F,1985-01-07,355345189853896,A
154,OPQRHVSTJDGBNGJOCENHZINJQDSNPRBVNOAFGPBSSKFJOXBRKG,M,1976-02-15,732664323955552,A
155,GPIDUVRCJEHDSNUECRDMMUJRXNVSJKOZNQJKOZJWTHRLBGEHLE,F,1986-03-18,431658605378959,A
156,GPIDUVRCJEHDSNUECRDMMUJRXNVSJKOZNQJKOZJWTHRLBGEHLE,F,1986-03-18,337297169822298,B
157,DRXMWVEBQIARXMOPRJDFNLEGRXSDLGQRVZQWZKYZAYSWCVPKMT,F,1986-07-11,100463489444223,A
158,DRXMWVEBQIARXMOPRJDFNLEGRXSDLGQRVZQWZKYZAYSWCVPKMT,F,1986-07-11,643079879375272,B
159,FGUNTZTWSSYZVQPXEIGGJXXCQEUMZKPDCXVISCQIWCJWFSTMWG,M,2002-02-28,706227117122333,A
160,KVKZMEUMWUJNPHUJVXQZOYBPLPAKCLGDYHRJEDFVBIVMERLCDB,F,1982-05-17,297508906738782,A
161,GSHXVRQJIUIICVHWFSFIQZMZRXHFCTIGRLRAPTSXMZIGLNWXKT,F,1977-04-07,394602284398684,A
162,GSHXVRQJIUIICVHWFSFIQZMZRXHFCTIGRLRAPTSXMZIGLNWXKT,F,1977-04-07,132318976581168,B
163,IGFRZLDGREMVHNUIQWWNRJPSGGWHBBUGDFPDYRPRNKLLUJHGMF,M,1973-11-15,026107038821343,A
164,IGFRZLDGREMVHNUIQWWNRJPSGGWHBBUGDFPDYRPRNKLLUJHGMF,M,1973-11-15,559372511086260,B
165,HSOGJNHSCSMBBXWNXYWTNYQBLPEPXMSVENPRLCXRCHYMDJIJZL,F,2009-08-08,327584718178416,A
166,LRGONEYOMEBJGFFVEZHSZIAHWVFCMQQOGAQNPHWRLQJEUMZZLD,F,1970-09-18,678950717486996,A
167,LRGONEYOMEBJGFFVEZHSZIAHWVFCMQQOGAQNPHWRLQJEUMZZLD,F,1970-09-18,672838712884206,B
168,GIICPGWSGTUAJMFFKSKTLUSMOXFODTNTKGONTJSFYCTUKKMCIW,M,1983-10-11,181022208110765,A
169,GIICPGWSGTUAJMFFKSKTLUSMOXFODTNTKGONTJSFYCTUKKMCIW,M,1983-10-11,185242082454509,B
170,VEDKFMQKDKHCPIELIBQNZBQWQJSAVLECONNOBTJNYXXXVXQPXO,M,1994-08-14,175439826025679,A
171,YZYHYAKRGYWWECMIAWIDTTHDVJBOHRARVMOHMBISQZEZKTWINY,M,1978-09-09,668777314128624,A
172,XCHZEQOEGZVXTTNHKDYCDCWILKFEVWGOUDYZORRUGMRPKTSGBH,M,1999-01-01,334580335358193,A
173,VYTIVBJQQEFAIFDOUGXMJZOZHNXZSAWZBPHWVKRQJTLIHYKZWF,F,1993-11-26,015983992098692,A
174,VYTIVBJQQEFAIFDOUGXMJZOZHNXZSAWZBPHWVKRQJTLIHYKZWF,F,1993-11-26,102654017894707,B
175,DMAIZNGLXOYJWYTWVIWZQBMFSKLFJLFLPNUEUKEZYYWUSESCJO,M,1971-06-09,733099998020593,A
176,ZFXDZKRSYUWBVEYEIKQKEBJSNBJMZWOISVVLVQLHBDNBFEGVRF,M,2004-06-30,990098334774152,A
177,ZFXDZKRSYUWBVEYEIKQKEBJSNBJMZWOISVVLVQLHBDNBFEGVRF,M,2004-06-30,888695851314710,B
178,LIDGPERXXXZUBDVISTNMACXTWFZZSZGEWVHXSMOMVTVYVDIUMI,F,1975-08-28,551709140241794,A
179,FRNDKJXNBMUWBHRAFNRDQKQWNEOLYPXXTIUXYULMPOPRDJGZGW,F,1999-11-07,995393002413997,A
180,FRNDKJXNBMUWBHRAFNRDQKQWNEOLYPXXTIUXYULMPOPRDJGZGW,F,1999-11-07,894262079168749,B
181,TJGHVXJZPBEJXMDEQHSKIDYPDJHASTTPEQOZKFEWXFZTMDSTYB,M,1972-05-28,380899348197029,A
182,TJGHVXJZPBEJXMDEQHSKIDYPDJHASTTPEQOZKFEWXFZTMDSTYB,M,1972-05-28,940077232923544,B
183,JWWJXHMGBTCXZEIGYKNTTTSODEQUCEGKXQHPIFOSSEVICZBCNV,F,2008-05-24,877515592342994,A
184,JWWJXHMGBTCXZEIGYKNTTTSODEQUCEGKXQHPIFOSSEVICZBCNV,F,2008-05-24,301727033958848,B
185,XAXWJAFSPRMLFJYTNHCKGXMCJHIJCWEWJVNSSKLWISZJKVCEIC,M,1989-11-19,783938737637276,A
186,XAXWJAFSPRMLFJYTNHCKGXMCJHIJCWEWJVNSSKLWISZJKVCEIC,M,1989-11-19,921492779319019,B
187,JGYIXPEJRPWTIFHZRMZNUASRXKYNVLPVJSKCSSKJANXXZKKEER,M,1977-04-03,861810660966622,A
188,JGYIXPEJRPWTIFHZRMZNUASRXKYNVLPVJSKCSSKJANXXZKKEER,M,1977-04-03,511149459910963,B
189,UWHTLBBAQRBMVXYFOTPHSOMJAGSMOTPFMOOZZFLWLBKWHHPTXA,M,1979-09-11,730082742848743,A
190,UWHTLBBAQRBMVXYFOTPHSOMJAGSMOTPFMOOZZFLWLBKWHHPTXA,M,1979-09-11,231153395078784,B
191,PRJVUGWJOFXFAGYYJUPUMUZJELPIDBNECQDCEKCOYNCSCXYRKV,M,1994-04-22,067652895610627,A
192,QUKUYHIDCREFVDUTAVNVWBVVVKAQIHFUXLVZUMMZQLNBNHLFYU,M,1978-05-17,990979101499630,A
193,JAAQCJOCIMVNOIDIMKOSMJBJANMPZOGFJHOVRQBRDPLRHYRTIS,F,2000-09-08,002170840758867,A
194,JAAQCJOCIMVNOIDIMKOSMJBJANMPZOGFJHOVRQBRDPLRHYRTIS,F,2000-09-08,309712518343426,B
195,YFFIACZITUPXVALMLOPDSTFPSPTRJBZMFHOJIHPVRZIEJXNPSA,F,1989-05-18,757393589287582,A
196,YFFIACZITUPXVALMLOPDSTFPSPTRJBZMFHOJIHPVRZIEJXNPSA,F,1989-05-18,308770154225390,B
197,VEUTVCFOHZYTQALEFGDZTNYXJDYBTGYBCUQBCSMWOCPQAHHLPE,M,1990-04-15,875441205912800,A
198,VEUTVCFOHZYTQALEFGDZTNYXJDYBTGYBCUQBCSMWOCPQAHHLPE,M,1990-04-15,726279045920854,B
199,CQLLXKCAMHZBUQLZXZJSZMPFGDTYDQSMJGVYUMZCICHZAMYTXI,F,1987-04-24,666062715352146,A
200,CQLLXKCAMHZBUQLZXZJSZMPFGDTYDQSMJGVYUMZCICHZAMYTXI,F,1987-04-24,746485761554639,B
201,TMLUPGUZXXOEIJSJMUVBIMKIORWSPQFINBTZNQFIMTEHFCZKIT,F,1980-10-11,204335883359994,A
202,SXWFOMKKLKPXQLJDVBXZSLRRQGWIXVMDIHQJNZQCSTTPYJJBHG,M,1976-02-21,320041545188128,A
203,KGMGGTJEZNIQWHFVHYKMBQJDJCNGGURGBZZLPUUQOFRBHYSSTJ,M,1995-04-26,431521985444107,A
204,EZENICSELWGLGXNBCFKVFDNQICXNTRYESUCGQGPDVGNKAFCLEE,F,1978-11-25,392792331529546,A
205,EZENICSELWGLGXNBCFKVFDNQICXNTRYESUCGQGPDVGNKAFCLEE,F,1978-11-25,747431407221333,B
206,UJDDHUZBPWAYMRVABEXLIAYQKIBIBUZVQNGTRWDJUWNETLTDCY,F,2004-04-24,742727105268333,A
207,UJDDHUZBPWAYMRVABEXLIAYQKIBIBUZVQNGTRWDJUWNETLTDCY,F,2004-04-24,319176444958568,B
208,QVLGIKWICZULRTOFJLNPUZZARXCKJIZWMRHVBLZCONZNQIYCDS,F,1970-06-07,332875215289649,A
209,QVLGIKWICZULRTOFJLNPUZZARXCKJIZWMRHVBLZCONZNQIYCDS,F,1970-06-07,752644164479635,B
210,DXXYOWFGSJNKDHWKSABNGPAPCUVEPHKCUHHODREMXTCVQELSDG,F,2002-06-06,858016048672176,A
211,MGZEZTOBQLHPDZQCQPHUVSBJZTWJQHSAFULDZVNMHBIVXAMJLQ,F,2003-03-03,887203216841672,A
212,MGZEZTOBQLHPDZQCQPHUVSBJZTWJQHSAFULDZVNMHBIVXAMJLQ,F,2003-03-03,829838267025814,B
213,TRIDMHKEHDCXQEKVYDYPESCDODGJGSFPPWFFQCUOVMWSKBBKAX,M,2007-11-24,195522806899769,A
214,TRIDMHKEHDCXQEKVYDYPESCDODGJGSFPPWFFQCUOVMWSKBBKAX,M,2007-11-24,679621870074803,B
215,MNPBVCOVPKMSMJLSLDDOPMJXOVLRKSXBRKZDUSVNSMNXJEUZLP,F,1993-02-04,152685811949618,A
216,HJNEVDIDHHKEHUOPYNACAZJZWSIVHGICVDBJFZXHQBQTJPSXHV,F,2006-04-21,256784236901090,A
217,OAEHBQUSTNVOTYKNPLBHJAYWZPBRFTSOUNWISXJFGWGPZKQKMO,M,2005-07-23,321458883233601,A
218,SBIZFNSCMTTNYKFBZKMENGKJOAUSOKHZIKKPDPKXKUFSMUXHAT,M,1975-05-21,443886804479208,A
219,SBIZFNSCMTTNYKFBZKMENGKJOAUSOKHZIKKPDPKXKUFSMUXHAT,M,1975-05-21,445849128246639,B
220,ZRMLUEUZXQROXEOPBAOMTFVQBLANSAPTRCBTQHQFTZPXTLPDBI,F,2001-05-29,565169561212402,A
221,ZRMLUEUZXQROXEOPBAOMTFVQBLANSAPTRCBTQHQFTZPXTLPDBI,F,2001-05-29,105264560868363,B
222,UZOODXTBAGOZCILIIJSSGCMELSBHVERLSWEFWNUPLHSGEHTJBN,F,2000-09-25,210651216183360,A
223,UZOODXTBAGOZCILIIJSSGCMELSBHVERLSWEFWNUPLHSGEHTJBN,F,2000-09-25,695408306280819,B
224,AORHMWAKPVUSTNZJUJEMIMGJJMPCDOGJOAHFBLUCDLLMSUOWDC,M,1978-05-18,735904443031725,A
225,IDSSAQWFMXVIGEARRKBWEMHSYYFEGIWBXGEOUCNHKUSLSZEZOT,M,2004-04-24,768730531337427,A
226,LSZVJYSRVVLKMXFZBVDGVDAGQBOGHTFCBNGSMQUQTPFPYRTOIH,F,1973-02-17,020521516156043,A
227,LSZVJYSRVVLKMXFZBVDGVDAGQBOGHTFCBNGSMQUQTPFPYRTOIH,F,1973-02-17,338595987119551,B
228,IMIOXJRPJFQKETLYNKBIZJSGBWUSVUWZGCOFVPRJBRPAUQWIOP,M,1992-07-24,391227369285232,A
229,VCGBCFVHWQHWJQMXXTIKLZKXXXSOYPVYJPGREJZBHOLJEJEAAE,M,1989-08-11,280212187907370,A
230,NTACUASRZUXXBJWSPPFKIUXCHHNPXBOZTQQPUYJZZQNXYLTUTM,F,2009-09-03,481632060038432,A
231,NTACUASRZUXXBJWSPPFKIUXCHHNPXBOZTQQPUYJZZQNXYLTUTM,F,2009-09-03,693779015334726,B
232,SGSNYUJZKUOXMZTOIAQWLRYQJNTEZKPQUXGLYKAUTDWFYRHAPV,M,1990-04-10,564877745952952,A
233,SGSNYUJZKUOXMZTOIAQWLRYQJNTEZKPQUXGLYKAUTDWFYRHAPV,M,1990-04-10,237960012466100,B
234,WQINEECTSIZNAPITRDNCQFQLYRYZJNOGMSBVOMCCPVIOIKNLFO,F,1972-03-19,388810170403480,A
235,MVHCTBXMLCOGCJVEOYGQWKCCIFWEXZLLQXGPQUHTFJNVYFMUMG,M,1992-06-21,301607292658811,A
236,MVHCTBXMLCOGCJVEOYGQWKCCIFWEXZLLQXGPQUHTFJNVYFMUMG,M,1992-06-21,365272899309956,B
237,XNDUYEUSTTDVJDIZESOYYWZXDUZNTCJPATVHMGTAFELNHPXODD,M,1975-10-20,626155947566241,A
238,XNDUYEUSTTDVJDIZESOYYWZXDUZNTCJPATVHMGTAFELNHPXODD,M,1975-10-20,620525868145959,B
239,ABHWSXNQWAACUWSRDXHVKBLMRCFRMGEJNWODOXZCRMKPMTURFZ,F,1999-07-21,245842500600612,A
240,ABHWSXNQWAACUWSRDXHVKBLMRCFRMGEJNWODOXZCRMKPMTURFZ,F,1999-07-21,487548604174054,B
241,VFNHAREGNETUJDMADHJIUWVMPVZACYBDHVQLTAELVNPZJAYOHA,F,1988-10-02,135053315059029,A
242,PBFOIYWDZJBWIZVHYBDALIYYHYFBZTVVXHMMZSPBXRNJRZXXJB,M,1985-02-26,542383600098992,A
243,PBFOIYWDZJBWIZVHYBDALIYYHYFBZTVVXHMMZSPBXRNJRZXXJB,M,1985-02-26,852272633842073,B
244,ILZRPWBRTYPWLMZEBSFUTXNFUMEXWIXGQXBGPWCUXIHORFRLNR,M,2008-05-25,367045503542141,A
245,DDXFHAWVNZMMBAOWCSOMXLFLWUQAVIHGABIDFOJXNRDIVUAMEK,F,1993-07-13,033395532118288,A
246,DDXFHAWVNZMMBAOWCSOMXLFLWUQAVIHGABIDFOJXNRDIVUAMEK,F,1993-07-13,109701014151828,B
247,ZNYZYZBRVJVUGPLNKXMIIFQPBIAEYCHLAUYWVUAWWAOEZQCEZG,F,1995-06-18,584815630511101,A
248,ZNYZYZBRVJVUGPLNKXMIIFQPBIAEYCHLAUYWVUAWWAOEZQCEZG,F,1995-06-18,220469087959597,B
249,VDGSFRFKERNUMXYXOJQDPUPDQESRAICLWLNGMLBJKHNKELVXYI,F,1997-07-06,606311922083176,A
250,SDXEIVHEZMNKIWGCGLHXMVNICRKVNJQRRJRICDQFRJUHQLLTZL,M,1999-07-29,785833461102502,A
251,WLBLGJUFCJUIZAVWDEPHUSGEZRXYCVCINSPVGEIGFRHSTRNGLK,M,2009-11-20,311451072660983,A
252,BTKGLTPKGVZDKOUCKSHSNXRNAKSWAQUQWCEUKYUDEZHNCZOFDG,M,1993-05-19,382148914604862,A
253,BTKGLTPKGVZDKOUCKSHSNXRNAKSWAQUQWCEUKYUDEZHNCZOFDG,M,1993-05-19,555696839041743,B
254,NABVADBPCBVLUJJGWHFDYKFZOXPWXQDZUVXFWFPZIALBIOEVYA,F,1996-08-29,834571908922290,A
255,HEKJZJOBDFCNWDZSZMHDZMCRWIJRPSWGCLAHHUQGBFKTQUOQED,M,1970-03-23,148783355180723,A
256,MRLIWMGYWVFYDHFQENXVAYOWBCMESTAGLUVVUCDTBGZRXWCLEW,F,1984-11-30,967206828803838,A
257,ZUHWRDNTHITMRRSEFEPGSNUBCRTISZYLDOTPUGJVLFWSTYBVRY,M,1975-07-16,432941982056946,A
258,GLFCAJTPJBIECDRWGAQPTPKNSWIKFGDCUSFNMGQAEKHWLVWAPV,M,1971-05-24,883616186585374,A
259,GLFCAJTPJBIECDRWGAQPTPKNSWIKFGDCUSFNMGQAEKHWLVWAPV,M,1971-05-24,027794348983554,B
260,OENPNNBRCWGAKHYWAKGSJMTZGIJXVREEKIRCJCWPLGGHXBPWXO,F,1981-07-16,314767688287465,A
261,MCSEBZRMJFBEOTQRETZMFPDDRYZLFNEQGYQJFICWYAHJYZCOHV,F,1972-03-06,228492296045929,A
262,DXFHQHQKNHYGYAZIJOCCIUHQMHJRMSHVAXJCLVYBBUHMBEQEUT,F,2006-01-24,769856585113979,A
263,PDMEGWGWXNHAFVHQJATKMFCAXIMGURQKUQQGNYTSOMJPPDVBDU,F,1975-01-05,005338107271358,A
264,UQVLKWUDMQEUVQKDEREYGPCUQNKDMSKTBWCMVGVPAVXRNIUVAX,M,1989-06-26,149501396011731,A
265,CMFWKSDIDIKTKDPPDEDLQFLNYBZIQLRYQRXAYWMRUVSPDUZSXL,M,2008-12-23,070015623819818,A
266,CMFWKSDIDIKTKDPPDEDLQFLNYBZIQLRYQRXAYWMRUVSPDUZSXL,M,2008-12-23,449563382322456,B
267,ULFRVTXMTWNAOEIMHGBYXHGHXXPFHYEBRWDPUMVVXMIWLROGNF,F,2001-02-03,281147053015978,A
268,ULFRVTXMTWNAOEIMHGBYXHGHXXPFHYEBRWDPUMVVXMIWLROGNF,F,2001-02-03,868905613291714,B
269,FMKJTOMEMLTVLHTBPKWMUMCNFACQQBPTGYAWQULBGKQHDPSGKI,F,1974-10-04,691055125787293,A
270,FMKJTOMEMLTVLHTBPKWMUMCNFACQQBPTGYAWQULBGKQHDPSGKI,F,1974-10-04,586786041589375,B
271,SNZCUFFXLXPDTRXLOKQJAKNVAYZEPYZYYVWFXSXJNIKJPWBVXU,F,2000-04-13,846538493558715,A
272,SNZCUFFXLXPDTRXLOKQJAKNVAYZEPYZYYVWFXSXJNIKJPWBVXU,F,2000-04-13,226660751427628,B
273,YWOUBKNJQVEQYBCITCXLVOZXMVEDSHONJXITMZPAEOZHTXOXFE,M,1989-02-23,255934669709326,A
274,MPJLXPFLGAHMOYBTWDYIDROYLPSXHXMJLHRECRVEFOGOUTRZQX,F,1985-09-08,721108359811944,A
275,QZRUWKHVFHBJGSQHAVSMGRBFHFXVHTLQMRNAWRYZERCBAVMZXR,M,2008-02-04,851514268284674,A
276,VEYLUMIBUSZJXIEBQVMFMSMOKHDJVDNRBXGBUEZNFLCDZWRXBZ,F,1998-11-24,343022749392924,A
277,VEYLUMIBUSZJXIEBQVMFMSMOKHDJVDNRBXGBUEZNFLCDZWRXBZ,F,1998-11-24,723622962235951,B
278,KCGKUZCRQGXADOPCWZNGOBDUQVQMQISWPHUZTKOVEQVIPWNXAV,M,1996-11-25,137287789394941,A
279,KCGKUZCRQGXADOPCWZNGOBDUQVQMQISWPHUZTKOVEQVIPWNXAV,M,1996-11-25,324255064748236,B
280,TMZSCFTYHEZEHJOSISULDPLQHZEZCBGLYUKWGRVLTXVAXKWZLV,M,2005-10-24,639505252971685,A
281,TMZSCFTYHEZEHJOSISULDPLQHZEZCBGLYUKWGRVLTXVAXKWZLV,M,2005-10-24,501810319375218,B
282,EOZAMIXANEXHTGSXGTPRLUKIAGBQYSUJEIOWWEBQZMCZIZKLQN,M,1991-04-16,604377366923232,A
283,EOZAMIXANEXHTGSXGTPRLUKIAGBQYSUJEIOWWEBQZMCZIZKLQN,M,1991-04-16,829968418022224,B
284,XLUNFOKCIALHUGLLVNERWATFUTAXQGDEBYAJRCYMRFMMZIUTWP,F,1981-05-15,458881431871234,A
285,XLUNFOKCIALHUGLLVNERWATFUTAXQGDEBYAJRCYMRFMMZIUTWP,F,1981-05-15,341509233061560,B
286,AMKIYBALBUAGGOGECCYTUBMFSSVAFOBEMIRBZPFFPQBTPOAMDM,F,1973-05-07,551123670149863,A
287,UMMHXVFJSONWHQSBOJSWFHQIVCLRMFHHPDHAVZIJGDEREKJJLG,M,1995-07-06,771770929195776,A
288,UMMHXVFJSONWHQSBOJSWFHQIVCLRMFHHPDHAVZIJGDEREKJJLG,M,1995-07-06,393577324672784,B
289,SMGMQOWDOIXLGLHWPYTSKKWJKEGWGNUIOTMNUAHKGEVBYCLRZM,F,2004-09-19,979603982772700,A
290,YOYOTIWHVSZJRVTBVFSUYDYFOMEFKTRUJCNKIFQFNKQPUIVAFZ,M,1986-11-17,103249168479841,A
291,KEBQCXDHNDVEVTAJUCWWSLZZCXYIXSVIIYVBPDNCSFGHITJOFZ,F,1982-04-09,390887872129184,A
292,KEBQCXDHNDVEVTAJUCWWSLZZCXYIXSVIIYVBPDNCSFGHITJOFZ,F,1982-04-09,278886606365210,B
293,EMRJNBJHPCMRILZFNKWHEYPWNIASYKOFFZQTQCYVIAQUUTNLRX,M,1973-12-19,789690944097646,A
294,EMRJNBJHPCMRILZFNKWHEYPWNIASYKOFFZQTQCYVIAQUUTNLRX,M,1973-12-19,549381197626685,B
295,ZEMERYTIKVQQUVJEQWTVARKDEMSGSONNVQZYIBRVKDMXMGTSGW,F,2001-10-30,760096063838627,A
296,ZEMERYTIKVQQUVJEQWTVARKDEMSGSONNVQZYIBRVKDMXMGTSGW,F,2001-10-30,664041172289858,B
297,NCAWWQSHKJLCZUNRBOJVYKFIXZEHRNLZHCIDJEYHSEZMBQSQYO,M,1971-08-17,550426091629229,A
298,WLXBSUHCTLHEQHYVDXTIKNYMJOMNPGHEJPPVPZSZMZSVEQLEBM,F,1970-06-10,572576494176028,A
299,SCVGVUOYSZOHPFHMLIQIIKXTGZBSGLNAAZUFSGOBDTZIZMEYZM,F,1987-09-13,575453275991961,A
300,SCVGVUOYSZOHPFHMLIQIIKXTGZBSGLNAAZUFSGOBDTZIZMEYZM,F,1987-09-13,017103096909220,B
301,VIGLRHNGPDXGIMOXVGJMMSFPOYAVAODFTJXSPSRMSPWMUHFZGS,F,1991-06-15,474461070348159,A
302,VIGLRHNGPDXGIMOXVGJMMSFPOYAVAODFTJXSPSRMSPWMUHFZGS,F,1991-06-15,652952854520009,B
303,FCIKGNMSWJAXVTCNCPAUBDLNPSYIKCVGBPRWPIISCTTGZHDROC,F,1995-06-29,274643307006264,A
304,ECKGUVEVMHEADVXBQGLRIQONFHTEFONLNOPZXQHWNXDWSLJFRR,F,1988-07-04,550448538143833,A
305,ECKGUVEVMHEADVXBQGLRIQONFHTEFONLNOPZXQHWNXDWSLJFRR,F,1988-07-04,934263159641932,B
306,SDNOIPSUOPVHCHLOAXZUAJFYIMLHNJYPUWMKOPDMUWWABYGTGR,F,2004-12-10,540790277763238,A
307,HKOYHNUUJSSXOIQVCMWRNXTFWVUPIZCWPBCRZBBXAQSMNASIRL,F,1995-02-16,179051508210969,A
308,HKOYHNUUJSSXOIQVCMWRNXTFWVUPIZCWPBCRZBBXAQSMNASIRL,F,1995-02-16,681916447631593,B
309,HLHZQHIZRIOFKKDUMJVNBHWNODDZYFFIPUPZEJULYYEBPIRCZQ,F,1974-04-09,719441306595482,A
310,HLHZQHIZRIOFKKDUMJVNBHWNODDZYFFIPUPZEJULYYEBPIRCZQ,F,1974-04-09,405489103100133,B
311,GOGWOIASSXNFEXAEGNEXDGSEOISKDLLFICLDMWFKROEJEKOCHS,F,2009-09-14,258885456022742,A
312,GOGWOIASSXNFEXAEGNEXDGSEOISKDLLFICLDMWFKROEJEKOCHS,F,2009-09-14,522138371189391,B
313,YDGLWTVUPVCXANEGLXVGNJDMTVIVQMXXSJRIKTRVAVYBMKGFLW,M,1986-10-15,352601165392419,A
314,LMROYFWMQYGGNPGWOFXAAMOKVEDUWXMKOXDIKOJXPWMDTYMNOP,F,1999-09-18,493514264965986,A
315,LMROYFWMQYGGNPGWOFXAAMOKVEDUWXMKOXDIKOJXPWMDTYMNOP,F,1999-09-18,693030488907008,B
316,AEAXEJFSMFKHRCUYNAZJUOQWPJMTGONWVVVREFMTYODXAACLPT,F,1993-10-27,570296650792970,A
317,VHWAJRXFKNZQTHPJXGCHBHUAWMLMOADMZXZFPLJQMGRIRPFUEU,M,1989-06-09,916145221383003,A
318,VHWAJRXFKNZQTHPJXGCHBHUAWMLMOADMZXZFPLJQMGRIRPFUEU,M,1989-06-09,808243512128389,B
319,LXKDHRIKIVWVSMHPZSDVZOAJRGBGTKCBDIVDOGIBMMEKRVFZOA,M,1979-11-27,105351126639794,A
320,BTOVINZWSWMSNFYBGXVUTZESFELJJWJEJVNMJTITRVKOEMYGGG,M,2002-01-02,314096420509855,A
321,FIANFHPTNJBKWZCQTIJMPHPLWLYAIRWQODGMUOLIVUCCRKGSWR,M,1970-03-23,721444168408861,A
322,CMMCFCGLIHVZGFCQWDDKPYOKENOMZOQMKGCCSZDJJRUQQSJHAH,M,1980-04-25,106531294326576,A
323,CMMCFCGLIHVZGFCQWDDKPYOKENOMZOQMKGCCSZDJJRUQQSJHAH,M,1980-04-25,787753751128407,B
324,UYDUVPRKKLYPVATGARXWBYCQOCCWMAYLHZRLOIHEOXLJSDDJKP,F,2002-03-09,647444948511247,A
325,NDFKTYJZZWBWXDEAIJETNRWSNABYSTLYMTPZOAYVKNUQUKPFJA,M,1999-10-15,890187863269939,A
326,YKOPEHOLBSDJUIKHQVBEYGMCJSZVCEQSUGZHDVUGJFVDCEQCUA,M,1993-11-18,923791372287131,A
327,YKOPEHOLBSDJUIKHQVBEYGMCJSZVCEQSUGZHDVUGJFVDCEQCUA,M,1993-11-18,365264501672668,B
328,WXRMDGHLKDYCJQOXFBWQWUZICFSRCZWJINKOMFGDXXWNKGAJKB,M,1981-08-31,600630744460226,A
329,WXRMDGHLKDYCJQOXFBWQWUZICFSRCZWJINKOMFGDXXWNKGAJKB,M,1981-08-31,220985790413937,B
330,DCACOPKQWTEJRMIRJLMHZRACBHMVKCEQBJNLJKGZKNDAERCJWB,M,2002-01-22,381495422006161,A
331,DCACOPKQWTEJRMIRJLMHZRACBHMVKCEQBJNLJKGZKNDAERCJWB,M,2002-01-22,055855119923350,B
332,FWXKSAIYJSCZUGTUQBDKIYWHPUUKMLEUGHIOWBVYVPKHIEPUEV,M,2006-05-16,991697801127944,A
333,FWXKSAIYJSCZUGTUQBDKIYWHPUUKMLEUGHIOWBVYVPKHIEPUEV,M,2006-05-16,439721472992875,B
334,IQWZFODTSRUYTWZGIXUGQDPINVGFEECMLWFXECAAMOYRNXASVS,F,2009-04-16,539738138163662,A
335,IQWZFODTSRUYTWZGIXUGQDPINVGFEECMLWFXECAAMOYRNXASVS,F,2009-04-16,631892507221039,B
336,SVWEWOIHZJMORGIBLWPEYROIAWPSVPOKCSFVNCUBJJBLZPOANT,F,1986-06-03,001155611312992,A
337,SAWTCQBIFSPTDQBYPNLYGHTOLDKFQCFQOXTJXDNSUIBIJDYVGL,M,1989-12-04,270207703759103,A
338,SAWTCQBIFSPTDQBYPNLYGHTOLDKFQCFQOXTJXDNSUIBIJDYVGL,M,1989-12-04,912160054173355,B
339,TDSPXKLUOLFJCTLKHPVHRUVDTDQFTMKNMYHQHJZMSBEFLRZSCD,M,1984-02-23,628184760860437,A
340,TDSPXKLUOLFJCTLKHPVHRUVDTDQFTMKNMYHQHJZMSBEFLRZSCD,M,1984-02-23,911403298363328,B
341,YACVHAAZPVVQBLQPBOAPXDTIYVDOCEMJZPBXXDBPMTDLLTKVKB,M,1981-11-19,017637085880654,A
342,YACVHAAZPVVQBLQPBOAPXDTIYVDOCEMJZPBXXDBPMTDLLTKVKB,M,1981-11-19,332660914475527,B
343,YFJUBQIBBZQSYGFEEXUVUMZTZNFOKDCJTIWLQWUZCHNPECXWRR,F,2006-04-06,799543024038230,A
344,JKJHXJJVRRMGGXNSFAZBGUUJLSVRKQCVMOKVYHVGOZPUZXJERV,F,1988-03-29,546931376920418,A
345,JKJHXJJVRRMGGXNSFAZBGUUJLSVRKQCVMOKVYHVGOZPUZXJERV,F,1988-03-29,974928233923257,B
346,AJGCLZXLFWFHPFRYOLPDZKGXKTMISIPXVJKBOGAIOIGORTRWYX,F,2004-05-27,479177248904174,A
347,EEUSQUCBYBIUXYCEPPOISCOFNFOITXEQNTHEVRJSIKCAFBVAAL,F,1985-06-23,542096126951762,A
348,KYHUOXWRSJWVAUMSPSTQXJORHKOCNSGLTGITKQMJFSGXMBTTGL,F,2004-09-30,022907025386655,A
349,KYHUOXWRSJWVAUMSPSTQXJORHKOCNSGLTGITKQMJFSGXMBTTGL,F,2004-09-30,492623330665527,B
350,VTMRVMPERJQXWFKKCGPYRDTZMOABROBPVUFQOWPHFHVCFOSATQ,M,1977-07-14,318867272968356,A
351,VTMRVMPERJQXWFKKCGPYRDTZMOABROBPVUFQOWPHFHVCFOSATQ,M,1977-07-14,182294996794128,B
352,MHMHNLNFJJHKCJNNMKDAOWJXYAFLXSQLXETJUUCSIBYFUPIFWB,M,1997-05-20,647787015323174,A
353,JFXUXHHOXVIDBFYZIZWHTCCULLLYGQQKWTAQPPJKZGCCWFDKIT,F,2004-06-07,234042040189935,A
354,YAYBWSTHVWHFTTFIEBUWKDVQFGINWLNUXPOWCSBATGWUIBPTXX,F,1989-05-03,981020751921113,A
355,YAYBWSTHVWHFTTFIEBUWKDVQFGINWLNUXPOWCSBATGWUIBPTXX,F,1989-05-03,882432963103445,B
356,IVLOQLXHTLEEKZBFWPCHPXPSSPNZBHMJALKLJGMZDMFKRIWSAQ,F,1972-02-14,882631724716763,A
357,RHPLPQNSVWTIHGWKCPAILSFKHFWXHMVPWWPAFBGHZYOZYYKGLI,F,1985-04-23,436335672521331,A
358,OWRRWDIKSBZLZKGWRPEFTABPDRAGWIYQQNQXLXEECBPNXPNZCL,M,1982-08-29,651762739851447,A
359,BCBWBOLHBOEPBNYNVDIRDWKDZULPIOQFTGFIFAGFHWCKFHVOTO,F,2001-10-18,382735089904697,A
360,BCBWBOLHBOEPBNYNVDIRDWKDZULPIOQFTGFIFAGFHWCKFHVOTO,F,2001-10-18,682412510425995,B
361,CRIXUAYKGRKIDNSIAZIEWZEWDIENBSTGXIBMEIJIMCGMVOEUKL,F,2006-03-23,930190147669687,A
362,SJZSENRYIBQDMLDGSTYXNIJBKIJFZUEVXKJRUJTYQRMITWLTUU,F,1973-09-19,314513803395550,A
363,HXUWAWEMMAKEKFZTCCAKKLQBCUMDCWOYYJQGHPANCJCGHPOUQU,M,2001-01-14,624787837649588,A
364,HXUWAWEMMAKEKFZTCCAKKLQBCUMDCWOYYJQGHPANCJCGHPOUQU,M,2001-01-14,998251584276548,B
365,SPQZBJOTKRPMGFNQBQXWNETXTEIUINTLSJKQUJHINYHETRLXFV,F,1982-05-26,975425435019945,A
366,SPQZBJOTKRPMGFNQBQXWNETXTEIUINTLSJKQUJHINYHETRLXFV,F,1982-05-26,480268076738829,B
367,CXCZTTHQCXOEQNOKDWJADHPCMZIXOVYCOKQVDIDLAKBOTUKUKQ,M,1990-08-15,366416346623577,A
368,CPFNGWCFPQZEDRKNEZMBYNRNRGEEPWKFBIWSNNBSBYXAVOGMUW,F,1980-07-24,657458032381095,A
369,CPFNGWCFPQZEDRKNEZMBYNRNRGEEPWKFBIWSNNBSBYXAVOGMUW,F,1980-07-24,936378704236971,B
370,CHCLVFVUMGVGXMVPAVSVHUHVENZRLDEDFXQPCUTJAJXFWFOCLM,F,1970-08-01,257950058135381,A
371,CHCLVFVUMGVGXMVPAVSVHUHVENZRLDEDFXQPCUTJAJXFWFOCLM,F,1970-08-01,428281611677535,B
372,JUVXSUWDLPYNIHKYZOTQORFSPILICGDAUEALUXEQUJKFPBBJGZ,M,2000-05-10,487194243041846,A
373,JUVXSUWDLPYNIHKYZOTQORFSPILICGDAUEALUXEQUJKFPBBJGZ,M,2000-05-10,820644802206704,B
374,DXPXAUEILYETCIEJYBQYVVLTYRWCEFJAEHQVPJSTGFRWMAYSML,M,1970-04-07,121712839843516,A
375,DXPXAUEILYETCIEJYBQYVVLTYRWCEFJAEHQVPJSTGFRWMAYSML,M,1970-04-07,804644274717139,B
376,XKCGSFVMRFJJCBGEYTANLWFZXRUNXHCBKGVUJHHGKWBMQJMHDG,F,1999-08-13,141163579219626,A
377,EGIKNWXUMDTAKOGDRHDWEXTFKRLTNCTOFRORMRXUXQLFOIPGGN,F,2005-04-22,513655650830997,A
378,EGIKNWXUMDTAKOGDRHDWEXTFKRLTNCTOFRORMRXUXQLFOIPGGN,F,2005-04-22,611585245322853,B
379,HCINVRORGMSDSUWPSAMRLAUUVRNHLTYCJRJZZQGVPPTGXOPHWB,M,1983-05-25,123319316809375,A
380,QDIYRFIVYVBSGZHTKNTXYKVIHMSXPSLMJEIDCMIWRQGJFHBJPA,M,1991-03-15,660739464535097,A
381,GVSHAATMAUFIPTLGFEGEWKWIDDBSFPAQAQCERFCDOAMSYNFTRV,M,1970-04-01,664303057511678,A
382,GVSHAATMAUFIPTLGFEGEWKWIDDBSFPAQAQCERFCDOAMSYNFTRV,M,1970-04-01,780701460922318,B
383,UHILCKZJRRZCGAYDIUSUQOKNZMEHYTEUFHYDDXBHSZLJBGSXFC,F,1994-05-18,319994922118068,A
384,UHILCKZJRRZCGAYDIUSUQOKNZMEHYTEUFHYDDXBHSZLJBGSXFC,F,1994-05-18,358849433022671,B
385,YHNNSCHCFYTWIAGPNIIYENLQYEPOHRRRZXZELKDIDUHENLZFIS,M,1988-12-11,376193859514673,A
386,QCZVIVFXKTQJOTUVAYTXBGIZJLBFZEJJTZYLVOMFWDMOEAVDTX,M,2001-10-17,007207315862181,A
387,QCZVIVFXKTQJOTUVAYTXBGIZJLBFZEJJTZYLVOMFWDMOEAVDTX,M,2001-10-17,861785318465412,B
388,IGRHDTNKKXLUAFYCFXVNCKCXENZSPNNRICGBUXPCHKEMIYVODL,M,1971-05-05,593232024869912,A
389,OGGUIGDAXIXWRMXIPKFNPOPQYGTWTBMXWWQCLYFPKTZQAEWJHF,F,1972-11-25,731215787969273,A
390,CXZHNCVUGHJTXLEYNXJLVPWPILMHYXZTHAKSYMCWMDISVNPAXA,F,1976-08-05,525119948594639,A
391,SJCXCJCMRKMSORFIYYYTADOXINHLFLKXGJYSGJLZTQNZHVLPJZ,M,1977-02-05,698507244489740,A
392,AKVATZAFXINXKSXBMVFIIWOAZINTEJUXKLGKWOMKOHSDWCYEHD,M,1974-12-29,932412473695591,A
393,KLJGGZSHPKWUCQIMYMBEBQHCRFGKRQRLMMUXYYHNJHBBQZTLQG,F,1981-01-21,021871990302183,A
394,KLJGGZSHPKWUCQIMYMBEBQHCRFGKRQRLMMUXYYHNJHBBQZTLQG,F,1981-01-21,877980277401605,B
395,FRAEFVZCIVGEHLIVZSYNMNIRGKRNCYKXYDWDQDVOEMNMAXOHKP,F,2004-06-13,035424231070730,A
396,FRAEFVZCIVGEHLIVZSYNMNIRGKRNCYKXYDWDQDVOEMNMAXOHKP,F,2004-06-13,855594898529238,B
397,RGNHWXTFKNUWVZMNYEREHEYOFFXSGYRJSASBYOHYVPCVFSPOUT,M,1993-12-03,142142144678610,A
398,RGNHWXTFKNUWVZMNYEREHEYOFFXSGYRJSASBYOHYVPCVFSPOUT,M,1993-12-03,504673512503233,B
399,NRCILIMVEUWFZMOGXZIUNKLBAUVRWCWXIMTEOOJIVFGOBVPCVK,F,1979-09-22,951706658906638,A
400,NRCILIMVEUWFZMOGXZIUNKLBAUVRWCWXIMTEOOJIVFGOBVPCVK,F,1979-09-22,023082011756569,B
401,KYYSVVAJOPWYNZRDSMQMXSZQCDDASSXDCBIWMUCZACZTELYZDR,M,2009-01-28,770229887366345,A
402,VXNDGMIHLDOJPEXKWQUXQDDOKTKTTHPDWAMCFAEEQOJKNGEHVT,M,2000-07-26,107933844403780,A
403,FDRKDRYSBDFCOLZZOYDEQAEFEBFSJGZTDSZSZZVHKGNFZJQVZD,F,1993-10-07,948823703402791,A
404,NYTWWOQPSONPADSVRQAVHKWRMFXPHGRDRLOLUCQHZPMXNEYNCU,M,2004-02-26,153253127624546,A
405,NYTWWOQPSONPADSVRQAVHKWRMFXPHGRDRLOLUCQHZPMXNEYNCU,M,2004-02-26,137052894334899,B
406,IBUABPHJOYUANDPKRBCQRNRMQBVHZTNBUAEQKXIEIZTZYEWAOP,F,1979-12-28,303066355977927,A
407,XZEQHGYCGPGITLTCDDXEOHDHIGXGUQTRIVYBMISJNDYAUSEFFL,F,1985-05-15,386681411855712,A
408,XZEQHGYCGPGITLTCDDXEOHDHIGXGUQTRIVYBMISJNDYAUSEFFL,F,1985-05-15,394325605585459,B
409,HLYBQIXFPKKKZFPKTDNIXNOWNYSTUSEUWKRMCLXJGMWDGZQSZE,F,1980-02-10,144002422907745,A
410,HLYBQIXFPKKKZFPKTDNIXNOWNYSTUSEUWKRMCLXJGMWDGZQSZE,F,1980-02-10,038712479955575,B
411,SRLDFVDMZKKIJIYJTVCUHBJSODZZMTOMSQUFPOFHNTLEZEXGKV,F,2004-06-10,810643049703151,A
412,OAFBOVCMPFPPRJRZVWZPDNQULPKBVJWTCNBYEXLHTQQTSSDSET,F,1996-10-29,483930503001634,A
413,BWDUILMUOKRDIGWJALHWBLNRNWOSXURJRTCVLDGXFFNYFRBMAK,F,1993-01-01,455353002353124,A
414,FWYPEJWWWEETFWNJVEKHOQQUUZKOKXSVAKZPNGIGHYHELTDMBT,M,2009-07-14,607577056505133,A
415,FWYPEJWWWEETFWNJVEKHOQQUUZKOKXSVAKZPNGIGHYHELTDMBT,M,2009-07-14,541259431460705,B
416,NBRSYSXHJXJAJXYBINQXWNOJTOIXRETRLTUXJGYIPDXXFZOBDW,F,1995-05-17,001236077495210,A
417,NBRSYSXHJXJAJXYBINQXWNOJTOIXRETRLTUXJGYIPDXXFZOBDW,F,1995-05-17,892914014595157,B
418,LJOKXHCKSWQMGJBGJTLJEQIZTPPYFEWJNZVMKHVSPVIWYOBWQV,M,1996-09-06,047757224736508,A
419,RNFHNJHHDGSERKTLUXLVWEHEVCCUBHZQLMYNIMDIEIUJZHZCVH,F,2000-10-23,386989034843178,A
420,QUXXYFIDFESRAIEHMAAPWUGMKBRQQLMDEJTCNTGRTSXLTLJVND,M,1978-02-23,565147981666817,A
421,QUXXYFIDFESRAIEHMAAPWUGMKBRQQLMDEJTCNTGRTSXLTLJVND,M,1978-02-23,848570235227862,B
422,YTZFLMMUPIORODDJFDETFUJZNNXKACGUIKDWIQWOEVIHEKMVEE,F,2007-08-22,085345237870497,A
423,YTZFLMMUPIORODDJFDETFUJZNNXKACGUIKDWIQWOEVIHEKMVEE,F,2007-08-22,594164649118745,B
424,EONUYPIUTQGWPAYDGAULJWXHYTACWMXSCKSFKTCASTEHDYIMKQ,F,1986-09-25,605079888796096,A
425,EONUYPIUTQGWPAYDGAULJWXHYTACWMXSCKSFKTCASTEHDYIMKQ,F,1986-09-25,879803859957624,B
426,ZMRAZUEGQKCMFTMNSNWKQMPIHXQJOYLWPDIUSRJNMRCZRHZMWS,F,1995-12-26,089259523871775,A
427,ZMRAZUEGQKCMFTMNSNWKQMPIHXQJOYLWPDIUSRJNMRCZRHZMWS,F,1995-12-26,649146482730397,B
428,KADVLZOJNDLTSSXSYPMVGEHLQPCTWZKUPPAGBXJKJSKLIRQYYT,M,1984-01-26,148445579317167,A
429,SLKHDFJJQFDVSKKNPKYXPLJGIMCLUOWBMUZOCASTDKOGCRZBVV,M,1999-03-12,220422913677469,A
430,PXRYWTNAMNYPGFLXDAVKJEQQUSRACIZPXJLJNNCMFXZUMWJFJK,F,1991-10-02,544208566253249,A
431,BLHSPYLKVXVWSENMIXUBMOPTYGNSEPJMTIZFOBHYAOEBASPVHC,F,1997-03-04,641279341926652,A
432,BLHSPYLKVXVWSENMIXUBMOPTYGNSEPJMTIZFOBHYAOEBASPVHC,F,1997-03-04,791890975223854,B
433,LKTPTIVCBAXDTNROOLRQQNDZZCPYQVAYEGRGDZODKIDCZSFGXV,M,1993-03-14,481152939865981,A
434,LKTPTIVCBAXDTNROOLRQQNDZZCPYQVAYEGRGDZODKIDCZSFGXV,M,1993-03-14,966282614342384,B
435,FQGRVUBZZIWDUWTTPDDGOTYKOMPOTHNWMWPJBACSBUUBGXMUCB,F,2007-09-18,704714565144682,A
436,SROOQYBRPSSGRQAQRRBEGFHJHRWTPHNYQHPUOOVUALNRZKTAHH,M,1991-05-01,149241398745680,A
437,SROOQYBRPSSGRQAQRRBEGFHJHRWTPHNYQHPUOOVUALNRZKTAHH,M,1991-05-01,651983187180008,B
438,JAMGOQIVYYXKMGHRDQERTTBISTXGZPXNKWXLMMVPAFEBSWBXHN,M,1970-03-23,898282172752631,A
439,EOPHRZTDASMWQHEQSHAJZNQVUVYCALUWGCXXEGWTGFYFUEQTRW,F,2002-01-07,771066789803807,A
440,GFLLXAPKODIOTXNGJOKMOWCFWPHVISEQKWVKYGJFUSSPGCYLUN,F,2003-09-17,092837830490777,A
441,PYALALCPVUASOEYNRELRAWQXUQWJQHBWGFRJAXEOASKAHIVJQH,M,1972-04-04,687829296660697,A
442,CXOIXBDZOUFCXTCFZOPMJCAMVPBRHIAPABMUITPJGOYWSJJAQQ,M,1972-10-02,588618058663796,A
443,ISRSAYGAEEXHAHADEBEZCMJVNZQOJFRFLZBOPWMBHXWQVBFFJG,F,1970-01-11,721883525781905,A
444,GJJPTOMKQUTTFXZKTVAJDKAGNMDZTLHYTSYTRTSYLTZWFAURHP,M,2001-03-23,551133062826113,A
445,PXOUBBKZPUNNAXEGHVVXXMFSPLANTWATONBYXFHAISCMDEDYWB,F,1986-11-21,954370040229909,A
446,PXOUBBKZPUNNAXEGHVVXXMFSPLANTWATONBYXFHAISCMDEDYWB,F,1986-11-21,656550015160021,B
447,BSXPAEYULJJRQHSLFUEDMFJGTLLZMIOCJDCASRUWUWKYRFWLWO,F,1995-02-16,081551355521521,A
448,YSMQROBZKIUYFDOZADLWWBWZIIZZNKTSHQGDNJZONYCRNSHNHY,F,1985-02-20,580183751237726,A
449,YSMQROBZKIUYFDOZADLWWBWZIIZZNKTSHQGDNJZONYCRNSHNHY,F,1985-02-20,892554514261454,B
450,HZZOWZMLBLPPYUOJSVAWFQTNETEODYOVOBBMKFWAWLOPOTCALI,M,1987-08-04,229008706475683,A
451,HZZOWZMLBLPPYUOJSVAWFQTNETEODYOVOBBMKFWAWLOPOTCALI,M,1987-08-04,856147816500143,B
452,DVVOKVBUWSPKDPBMTDWKDHOTXIZGGMQILZBTKRZVFUIZVAYLBG,F,2007-02-08,133508620836263,A
453,DVVOKVBUWSPKDPBMTDWKDHOTXIZGGMQILZBTKRZVFUIZVAYLBG,F,2007-02-08,216074843613170,B
454,CWKTFKEGKDADVECMPSQSBQJRAIBMBEXVVQAYSGZPWDBNKKMBNH,F,1991-09-09,446304492269553,A
455,RXKKZDMVHSYKAPMMBXNOMGLTNGMZDSEBEDCUFXFFVLCRPOUXUC,F,1999-03-11,592467003179116,A
456,HBMXDQUEFMLCLCKMVJCNDLJGTWCEQFFVTEOJHTFUZQIOUBBTIX,F,2000-02-21,275860108181748,A
457,HBMXDQUEFMLCLCKMVJCNDLJGTWCEQFFVTEOJHTFUZQIOUBBTIX,F,2000-02-21,430261201859392,B
458,PQJOVJSBBHEHYDBEWSHWPLRJIFKBUUNVNVWHNWXTNURXNNSSDF,F,1981-08-04,611128650251911,A
459,YNKVLJNUTZFMWAZYGYTCDBDFEXZFADWIDXSDIVFNDVVBNCASUR,M,2009-07-02,762768999990447,A
460,TYZUDJLYYXBJCHNSIHNURLOVGOALVGYIMJDTNRAVCJJQVLGBHQ,M,2007-09-13,953092000769617,A
461,YKQMETEKDKNBFEDRFCXOAGKUSTHFGBAIBXEDUKUIHTIHWBTZSQ,F,1999-06-16,336669347701815,A
462,QOKBBRFLORHVIKOYOPVYXYKINJXJUSHBHZLZPQFVUGBHUSRTZO,F,1998-11-24,675925979809431,A
463,QOKBBRFLORHVIKOYOPVYXYKINJXJUSHBHZLZPQFVUGBHUSRTZO,F,1998-11-24,148156605047230,B
464,MXHEIDIRKKUUPNHULQSPUGAWYOBQXXADFXJWHHWKVZMLBGXFTI,F,1975-05-21,440495107753275,A
465,DVCXCTAJQDWTLPCDQMUHIXFXXFXKENNDRLDSLQBSBPISJCKDKG,M,1986-05-08,204744014162758,A
466,QLRBGTCSFNXJOTIIWLZPVGIEMLFKKJBHUQYASRDAHUTVKCAFQJ,M,1975-12-06,528571733851179,A
467,QLRBGTCSFNXJOTIIWLZPVGIEMLFKKJBHUQYASRDAHUTVKCAFQJ,M,1975-12-06,530372950078789,B
468,TGPLRIZCGAJRXLEDNOTXAHTCXZOFDREVYPBEGQKBXNSNIHBQDY,M,1980-05-23,256524805233795,A
469,WRGXETCUDWFAMHYFVERPAXOVORPELURREYEJHBXLZBVOVLYVZS,M,2005-05-08,929810806792665,A
470,WRGXETCUDWFAMHYFVERPAXOVORPELURREYEJHBXLZBVOVLYVZS,M,2005-05-08,499166607840787,B
471,PJIPNIFNGXXWEPZLCJCRJOOWACVJBLZOABAMSILZNKRTKFPPBZ,F,1988-08-19,324465600665995,A
472,CPYWSLJFKGZDANQJKVQZSSHLVKESHKKZWVSARSMTXHOVTMALWU,M,2003-07-31,275909011892351,A
473,CPYWSLJFKGZDANQJKVQZSSHLVKESHKKZWVSARSMTXHOVTMALWU,M,2003-07-31,755902710147255,B
474,RTAWUPSLIUUENWBQKYCHZALGVONHQYJWPWUZZDYVSDIOMDYSOI,M,1984-02-18,602357364908004,A
475,SEWSSPWOCXEUWNJUESQYYPTQOTVZVGOSZKWXVBAORYJHPGEDKW,F,1986-06-28,703872512881454,A
476,QAQWRBHPZONPUFEDFOWOUSYFONMEJNPNHOCHAOLGFRGTSNJFIP,M,1984-12-02,304278527669307,A
477,IBMNPNGVZKOJGIOWWMLROHKRIVQJEKCZLFPCBKZREWSUUOVHJH,M,1986-11-30,927917158337742,A
478,AVRRMASCESGYEGKKMJEECVHVFKLOLPTICOSRVOJLYAPFCHIJDV,F,1976-05-23,562397756272775,A
479,AVRRMASCESGYEGKKMJEECVHVFKLOLPTICOSRVOJLYAPFCHIJDV,F,1976-05-23,172384007166898,B
480,RCPNPWBUYUUFHREFQORLSAIBJAUDPATJWPGNBKVRIUOXYYOYKL,M,1990-09-08,693959926637315,A
481,RARCHRYENJEWSMYHHVQTTJCEBPQIEXKXKWELDJHPXBEICXCWMN,M,1998-06-26,670480484818820,A
482,RARCHRYENJEWSMYHHVQTTJCEBPQIEXKXKWELDJHPXBEICXCWMN,M,1998-06-26,104813598929253,B
483,UGMIESRECEEELLQZLWFKDEJLWQXFQHXETJSUZWBRPHIFLQJTLO,M,1970-12-17,132333511598379,A
484,UGMIESRECEEELLQZLWFKDEJLWQXFQHXETJSUZWBRPHIFLQJTLO,M,1970-12-17,674510643919339,B
485,NNETARJNIHEVYGJGZGKPFOBUEYZSPWKTPWIVFBOTGCBHSWBDEC,F,2001-02-28,083336067023729,A
486,NNETARJNIHEVYGJGZGKPFOBUEYZSPWKTPWIVFBOTGCBHSWBDEC,F,2001-02-28,188294017153318,B
487,OJBVUDTICKVSFPSJNERFDXCAOWWPLNWLYDRCHZUQZXSJHSHDVQ,M,1993-09-14,456967848182643,A
488,OJBVUDTICKVSFPSJNERFDXCAOWWPLNWLYDRCHZUQZXSJHSHDVQ,M,1993-09-14,519048004192524,B
489,XZHZPKWGBJIOFGCENQSHRGDFKGYNISLEIIVUYYXGOSAKWCWTKG,M,1990-05-27,815025650380273,A
490,XZHZPKWGBJIOFGCENQSHRGDFKGYNISLEIIVUYYXGOSAKWCWTKG,M,1990-05-27,024069565723050,B
491,SZZTCBFIXSLGNJNTDITAXYDDUTVCHUXVRHILLTYLXCLOSKGWCC,M,1987-11-10,694933259498628,A
492,GGNKCISPJGMHMIWOYKZOZBKLURLMJXDDGLHFGXJNDQGJUNQEEJ,M,1989-06-22,064156651148430,A
493,CVJZABHFVXNZZJWKUGTODYHUGTKAYIRDUUSADKPBYVBLTKDSPO,F,2009-11-12,740653090690406,A
494,CVJZABHFVXNZZJWKUGTODYHUGTKAYIRDUUSADKPBYVBLTKDSPO,F,2009-11-12,391640514428067,B
495,BQEGNEWSDVDWOIUJKBRLGDNXKVXGIJRHXGAFBBXBTXQCXBNZNU,M,2001-11-23,398744581657804,A
496,BQEGNEWSDVDWOIUJKBRLGDNXKVXGIJRHXGAFBBXBTXQCXBNZNU,M,2001-11-23,497245034937563,B
497,DPRVQZETAMNTBRHRHWNIIUPYHTFRDTQXLELJIYRFWUIFAURZCJ,M,1980-07-18,270700160374319,A
498,DPRVQZETAMNTBRHRHWNIIUPYHTFRDTQXLELJIYRFWUIFAURZCJ,M,1980-07-18,132303663726979,B
499,UGFJPIAXGWLWNQXLLCJGKWIRGAYFVKOODDWNQUEIXKYEEKMIEI,F,1983-03-15,236652094511984,A
500,UGFJPIAXGWLWNQXLLCJGKWIRGAYFVKOODDWNQUEIXKYEEKMIEI,F,1983-03-15,878575762505217,B
501,UAARUJFKUFJSZXJHGYQAJWVGCAFBGZTGJUJMZIRDHPNWQLSQGG,F,1981-01-18,984371240878344,A
502,CXKVLSDDFLVXFMMXWSAWSLAJHSAFDRDBMWDCLGASSCGUELOEKQ,F,2007-07-21,696148650613837,A
503,CXKVLSDDFLVXFMMXWSAWSLAJHSAFDRDBMWDCLGASSCGUELOEKQ,F,2007-07-21,293091421487218,B
504,HDCYMPDJVGBCYDJQFOKAKVZOKTBHDSYQZCTKDTUHCZKTTZEKDP,F,2009-01-15,311150215719456,A
505,HDCYMPDJVGBCYDJQFOKAKVZOKTBHDSYQZCTKDTUHCZKTTZEKDP,F,2009-01-15,717546546306960,B
506,AUUANFANZWWQFBDETQWSZFBWFXXFZSPLREHVJQMFKDGFQLVQMT,F,2000-05-12,282647628093291,A
507,TMSSKDXQUDJJNQOFDKWRZVKMPEHGYKZQCQACVIGLZJBYMMUGAU,M,1972-12-10,021028269090155,A
508,TPQAEVDIBACBSHILLSOXHGQJUYRJTDJCXQPDTCFHVRFSLGYNWU,F,2009-09-10,090431253496711,A
509,TOBJHTBYGDVEBNFRFOXBSHVCUUDKPZFXTYZQDARYVPQHKZJHCM,F,1981-12-24,608266125269356,A
510,TOBJHTBYGDVEBNFRFOXBSHVCUUDKPZFXTYZQDARYVPQHKZJHCM,F,1981-12-24,771023655145403,B
511,KDHTCWZATIYJNSLPQOOTBDEPGWGXEQXLOUOZYWOQXHTTYRZMLS,M,2004-06-19,342879354393024,A
512,KDHTCWZATIYJNSLPQOOTBDEPGWGXEQXLOUOZYWOQXHTTYRZMLS,M,2004-06-19,052847391188196,B
513,TXYOTEHDWCGVUONHSAQSHTWWWJUZZRGFVOXEKNBGUYVBGDZHFY,M,1993-12-14,153426139375747,A
514,WAGBXSAMSUFAGPFGVCUIYASDJEGIHCUHSNXLYICELDNOGSWYVA,M,1972-01-02,253425832814733,A
515,BJFYQVMFASYPKCSRFEWABOPBIMVJTYFOZMANLZIICCCMPVFTHW,M,2005-09-14,633012520884786,A
516,TKYVQRJKSSZMHQQOPEHQEBACIZAOTJWPTRSXNETUZXQSJZWJPS,F,1981-04-17,531264832226335,A
517,CMACGQLLWNFITTXVQUMRXIPASIJVXDMLVFELZBEWDKWXOOHPSB,M,1989-08-23,172982173060745,A
518,XXUKUTSZPKJXVGEBLHCXLCKOIDPQHXWFBYRTSFAVTHPOOIUZIX,F,2002-01-21,284015566092726,A
519,XXUKUTSZPKJXVGEBLHCXLCKOIDPQHXWFBYRTSFAVTHPOOIUZIX,F,2002-01-21,485643559521131,B
520,JMFYTUISCVKJHKQEWZZAJQUTOSTOZPXRBZBPRFLHNQCDNWLLNL,M,1983-01-21,945761204794211,A
521,JMFYTUISCVKJHKQEWZZAJQUTOSTOZPXRBZBPRFLHNQCDNWLLNL,M,1983-01-21,122153445160255,B
522,GZIFJKWTNCEJQEBLRENSFFAJCVOYLLASLDHFJABIXUWEJHHDZZ,F,1983-07-10,057591719278307,A
523,GZIFJKWTNCEJQEBLRENSFFAJCVOYLLASLDHFJABIXUWEJHHDZZ,F,1983-07-10,841121891984498,B
524,PQAUHNPXUDMDQUTPYKCEWQGCIEBTLSLAMJKDPXHNZYNXBOGROU,F,1980-02-18,432262306146316,A
525,WYBGKTZVSUXALFHBWDLJSSQKNSOVUKTWTUEUDJDDXOLQAUOAVS,M,2008-07-04,008266079693580,A
526,WYBGKTZVSUXALFHBWDLJSSQKNSOVUKTWTUEUDJDDXOLQAUOAVS,M,2008-07-04,750914498529277,B
527,VXIYBSZMEALHDHDHTFCNMUVENMFHNTXFEPPBXMVREUXKMHNKAR,M,1988-01-23,438281656479806,A
528,VXIYBSZMEALHDHDHTFCNMUVENMFHNTXFEPPBXMVREUXKMHNKAR,M,1988-01-23,601169584273076,B
529,VHLWBMYVMBGRKUYPKSCCELRIOYJVVUSISKFTCPKTAIFZRMQEYA,F,1982-05-15,289112103741411,A
530,WCDVNDUJUCFPNPRHJVQZVNNSQDLGENSEZALBVCNBRLIYOYMKYC,F,1997-05-05,449888944251999,A
531,WCDVNDUJUCFPNPRHJVQZVNNSQDLGENSEZALBVCNBRLIYOYMKYC,F,1997-05-05,616443515602280,B
532,CXSTAETNIIRQJOYRLBWNLUSMTXFGIWWNJGKXXUWYVSAZFFTMHC,F,2000-11-25,608099615888723,A
533,CXSTAETNIIRQJOYRLBWNLUSMTXFGIWWNJGKXXUWYVSAZFFTMHC,F,2000-11-25,296785577149379,B
534,QPFDZOGOWXROHVKGVBGLRIDXMGOEXBXNJZMWEUZKROCNQGSSYU,M,2001-03-03,146938957501224,A
535,QPFDZOGOWXROHVKGVBGLRIDXMGOEXBXNJZMWEUZKROCNQGSSYU,M,2001-03-03,141934706355002,B
536,AWGEYBINDCYEFPYOCPSIMYKGROCEKEDGCYGAXOPLCYYZZKDJWI,F,2001-09-09,957051775130220,A
537,YBJWIPPTEXNPJCPWQHAIQXCUFOZZHRDDPSXCFLDDSZMLQTQMCM,M,1986-02-12,813043387025723,A
538,OJXTIFEFAJBCWCGXDLTYJWXNHKCZYRCUBGJBDYVWGSVMYPTGHH,F,1983-01-21,798535746323818,A
539,AWNVFBEIGNROTHYDWIKIXVXEZWFTTPNDWUGLPEOLSACFPZSFMK,F,1979-08-13,318350166714969,A
540,POOIPXWEINOPKHYGGQFLUODHMGNZBWAEDCJBTIINLNNHLGLDML,F,1977-06-07,610477687902781,A
541,POOIPXWEINOPKHYGGQFLUODHMGNZBWAEDCJBTIINLNNHLGLDML,F,1977-06-07,387873700324058,B
542,JDVXECCZGGSFGJLPWHGUJFHRWZVQAQPHWROXEYTXFDBLHVGJVT,F,1983-08-20,421102174365720,A
543,DLZQTYQZMZUNARVJAGLRNJWZXMJOSNBKIKOXXTUDWYMGRSBAWP,F,2009-01-17,574801179149974,A
544,ZMDFKEHEOVCBECATFOSPJRXMQMZWQECLJNEXONZPKEZRZUEWGY,F,1981-11-14,051589451343765,A
545,ZMDFKEHEOVCBECATFOSPJRXMQMZWQECLJNEXONZPKEZRZUEWGY,F,1981-11-14,342199563469927,B
546,WDYGGGETYEFRGIDAHBBCNLVZWIURKLVYUPEGMIDZTHCARAGBMY,M,1977-05-06,793125642602886,A
547,ZGWBVHIBQNSMHGGKCOGSXSFYFFBONHCKDLQQZRRSTAEMPYORRJ,M,2006-10-26,041733668261998,A
548,ZGWBVHIBQNSMHGGKCOGSXSFYFFBONHCKDLQQZRRSTAEMPYORRJ,M,2006-10-26,587301102373698,B
549,CQGIWGDOXWDPSSVXRWVZJFIZLSCJNGUDKFNDFMNJKZQQPRLWBJ,F,1984-08-19,685354919816475,A
550,CQGIWGDOXWDPSSVXRWVZJFIZLSCJNGUDKFNDFMNJKZQQPRLWBJ,F,1984-08-19,893874824422087,B
551,TBFXTNECWWDGJTKYYNXWQOAVLNPLACXTVNIEILBEMJMYQXTHAB,M,1981-01-28,846917077223993,A
552,TBFXTNECWWDGJTKYYNXWQOAVLNPLACXTVNIEILBEMJMYQXTHAB,M,1981-01-28,252953464488994,B
553,DAVGIJLZXLRWCPPSESGKTCFIULNQFFWMAKLTNAVOPCJFWBWYGM,F,2001-11-21,081106248045128,A
554,XGWBHUASBOKTQDZVNNMTSUYSOWCWKFZBOAXCIZJYPTUPTTVZKO,F,1972-03-24,676097690217980,A
555,XGWBHUASBOKTQDZVNNMTSUYSOWCWKFZBOAXCIZJYPTUPTTVZKO,F,1972-03-24,509957825680773,B
556,WDHAUJXLOAABTQBLUMJLFTHNIRIFWXJVPXZWZBNJIIMMCRTQER,F,1977-08-24,013791739402487,A
557,WDHAUJXLOAABTQBLUMJLFTHNIRIFWXJVPXZWZBNJIIMMCRTQER,F,1977-08-24,368993486392302,B
558,KTWVRVUARSIFBEISEYNGARBQPKCWJIAGSLCMYZWPAZGDSUWWVU,M,1981-06-04,448419154971589,A
559,KTWVRVUARSIFBEISEYNGARBQPKCWJIAGSLCMYZWPAZGDSUWWVU,M,1981-06-04,557288145858649,B
560,MPRYBAEZTGLFTXZVNRZMNETADDGRCKDNJINZKTKNQMYMZSASYN,M,1996-01-12,348713903536087,A
561,MPRYBAEZTGLFTXZVNRZMNETADDGRCKDNJINZKTKNQMYMZSASYN,M,1996-01-12,635173941332400,B
562,FTUUUQUYAOAGAYOPDVKXWJQXNINKQZSDOGDZVHTOXARFALAJZL,F,1974-04-26,089180094131753,A
563,QYZPEQRKRYTKCCICDYEMDBRRCJBNJWRJOKSPGIKXHTJHJLRWMT,F,1983-04-18,106945704493626,A
564,QYZPEQRKRYTKCCICDYEMDBRRCJBNJWRJOKSPGIKXHTJHJLRWMT,F,1983-04-18,900633216155629,B
565,MFLLFPUGDPSEFVATOMQEJMTJYSXHIMLCYCTHHYILIVXOLTVTBL,F,1973-02-10,382768239705017,A
566,MFLLFPUGDPSEFVATOMQEJMTJYSXHIMLCYCTHHYILIVXOLTVTBL,F,1973-02-10,205323228559004,B
567,ZKZWQRPMKNXKGMIPKOEECEOZCZLTMIORRQIXUZWGXFQCGKTGWL,M,1970-10-30,543174060598201,A
568,BDLTIITLQIMXQYARWOMYGUWTYFLLTNWOWIAIMFQZGUOUKSGYQS,F,1989-01-25,006010991003235,A
569,LMQIFPAJECFXQIQTXOCGNBYDIDGBELOQLBVBNANXRXLXFAAJFS,M,1978-10-28,915441506508962,A
570,YSVSLGPRQVHZBGJVQIWRUMAUIJIXTXPSNOLNOUISLALBKLVKOX,M,1983-08-21,782632259329138,A
571,YHIGUQOOWHGVCNVDJPXGDXNGKGKZQBJJWLCVUPNFEQVFYSMFKM,F,1979-01-11,631192765869311,A
572,BJMJFQPTPZPLJTLJOAKGGYNKZEBHAEWWVOHFUVHIIMYDGKFBWN,F,1981-04-21,805863898675773,A
573,BJMJFQPTPZPLJTLJOAKGGYNKZEBHAEWWVOHFUVHIIMYDGKFBWN,F,1981-04-21,202321537452568,B
574,PACYBXTHCBEYRVXFFUEHPNOVNEHJQTRTYYTWVZMQAEZKYANFLE,M,1985-02-15,202276293506584,A
575,PACYBXTHCBEYRVXFFUEHPNOVNEHJQTRTYYTWVZMQAEZKYANFLE,M,1985-02-15,693302530366639,B
576,YMISLYXWMLEWJKZNXBYXJBPZQOZQXDUMLNQNGSOZEXAMUGGJNT,M,1970-06-13,580039768960157,A
577,UXXWZNBHJCGCLNZGPNLUYFFNXSCBFUFWBSIDIDDKBVENRPRXPX,M,2005-03-17,259365001513921,A
578,WWCCRBOAQAFAEKGJWFZGIWJPINKRYNQTHPJMAPLHWICPDEERDZ,M,1995-06-25,328027679737651,A
579,WWCCRBOAQAFAEKGJWFZGIWJPINKRYNQTHPJMAPLHWICPDEERDZ,M,1995-06-25,432679978083544,B
580,KWYPMIIJDYOGJVTFANDHZOTYNTXBJKOTHCSULZAWKVTENWJZPV,F,1986-01-01,819043405902389,A
581,ILXVOWAVCCDSSZLYHVEWYDPQTXVDTQLRNOQKIIOTZIUWBPVMCM,F,1984-10-03,021594789005873,A
582,BYCRNZRNYZBAKCCOCMTHWVKSRWRISMOESPIUIRMFRFPZFKYWPX,M,1982-11-09,077935180143394,A
583,BYCRNZRNYZBAKCCOCMTHWVKSRWRISMOESPIUIRMFRFPZFKYWPX,M,1982-11-09,605222101356403,B
584,QOFSZQVGBQTYQMITTMUTLOBFUWEUZJXXQVOQZEEIJGWRIDEAAY,F,2001-04-29,937190144789967,A
585,VLAKSCIGNIADMXNCUEYAYBAZVVCIEVBWYXUMIGTXAUXJDBIOUB,M,1985-05-14,478158060768878,A
586,CTQWUBNFNCIZPPEKAFFPFOGCCQKHVPVCDRIACQTTSDMCJMOZSS,F,2009-02-25,647296645251658,A
587,YSOKASSOKSLYVPCIBDGLILUQOLMMUSOBEXFZJYLXVGDYMADQMJ,M,1981-06-23,053231179856551,A
588,QMMICYYLOHVQJHERARWZGFZUITADSHPWMSNUMGUQWXDYPAIZBO,M,1999-02-15,706892533556593,A
589,QMMICYYLOHVQJHERARWZGFZUITADSHPWMSNUMGUQWXDYPAIZBO,M,1999-02-15,833512199907221,B
590,BRZVFYITJAVGWBCAPXXINVBKRVFUETUKRUXNVLZEHGRKYQEFIT,M,2002-10-05,573555047421657,A
591,ZIITAXLGYQRYALEVLBKMQUDKELRBAXGRSBGJQCBTEOJUXDEJPD,M,1994-03-14,265943376482701,A
592,ZIITAXLGYQRYALEVLBKMQUDKELRBAXGRSBGJQCBTEOJUXDEJPD,M,1994-03-14,578454513349842,B
593,HNFTJQLFBFWBIPPTCKPHILHKIHXFCUAIQHMDALRPXFBOZCRIIH,F,1984-06-04,929401856156377,A
594,HNFTJQLFBFWBIPPTCKPHILHKIHXFCUAIQHMDALRPXFBOZCRIIH,F,1984-06-04,186675157624828,B
595,PTTBMNDJSXPNKAKCINVHEJYOJUMVSBJDIYDWVVFHQNKOXPHBRL,M,1995-12-07,322707096711505,A
596,BUZKHYNBSCWGTKIBIYFWBCFWTGQXMOXLSASMPHCUCJFNGRIHOK,F,1984-12-07,826715320344982,A
597,SCTXGKZXUGPJEHWXHLTGKJMFITHTCSLIUWFMOMNYJFGOGQJYKM,F,1982-05-17,587625607260533,A
598,BMGGRFRJSORITONGGWEODVTWOATWODBKVKDGWNBUNSGSGWGNLH,F,2005-12-18,348067871356311,A
599,CEOGOXNZXDXKMOSFEQRKBCVATLEUOFOBUJCTNFWGNWTIEDYUAH,M,1970-12-31,463026560727840,A
600,HRXCRBEOTKETNZGTOGCILFPTWQZEALIIXUKIXPOUTFSWRGJEBA,F,2003-09-26,033523361686813,A
601,HRXCRBEOTKETNZGTOGCILFPTWQZEALIIXUKIXPOUTFSWRGJEBA,F,2003-09-26,510717793532010,B
602,IQNVGQNEJBTNZHTFTUZIVQGZMOBXCTSBMMQHGMKOMVQFOIOQAM,M,1988-10-13,691106042826004,A
603,IQNVGQNEJBTNZHTFTUZIVQGZMOBXCTSBMMQHGMKOMVQFOIOQAM,M,1988-10-13,743349836526769,B
604,GVNBJNDDQUZGBSRDQIIXMKTCRGRBGRZSBUHAJCXDTBRIWVASBV,F,1987-12-13,931451202804463,A
605,GVNBJNDDQUZGBSRDQIIXMKTCRGRBGRZSBUHAJCXDTBRIWVASBV,F,1987-12-13,481901771735755,B
606,SOTNJQLZEPGDYTPREMVZPKSPOTUQMXLCKUIMCYCRTJXNYFMTOC,F,1976-12-16,193193625905871,A
607,UTVROSTMPQSTYHVFMNCQJYYZYOYWEODRECOAVAEJYYAFDTLVAM,M,1981-02-13,433859952404816,A
608,HSVGJTNMRZPXAGNVEWLXJPKCWHCDVGUCRWNVJDDUWJSIOKBDRE,F,1996-11-11,642131217107599,A
609,HSVGJTNMRZPXAGNVEWLXJPKCWHCDVGUCRWNVJDDUWJSIOKBDRE,F,1996-11-11,625101506249699,B
610,DLOXPQBCTTBKVSXWUWFFPLDUWJZVZTVCUYZMGHJXLYAJXLENQH,M,1972-12-05,001717363115245,A
611,UUZBGDGCLWYVUBUAIUOOMHKORDEODVLRPCKMDKXSPZPEGXPZSR,F,1974-05-28,655296793419635,A
612,AZYJJCWLYESVQIJILZYFXEWGXRHFBOZCTUZAIDPVIUFSOAUMXD,M,1986-01-25,368456654854834,A
613,SOHNIHXFABKWHAYYHSDBJARQOCYXDEDRDLBFZZQCEMOSIIHFTB,M,1983-06-08,891886836945134,A
614,SOHNIHXFABKWHAYYHSDBJARQOCYXDEDRDLBFZZQCEMOSIIHFTB,M,1983-06-08,553334467369295,B
615,IIDROGIAYEWAILERKHFZHUIKEXKSCVIEXNUFHFBCSOZEBPOPMX,M,1985-08-04,541766560932834,A
616,CFVMMCWUKPLGHHBQCVAPERHKWOFJIRRKQUBJZEJCUZRKPBBGVM,F,1983-02-26,423321046809133,A
617,ONIVVAGRMZEQURLAUTOIOTSYXTZRPMKBPVPFWDLUUDBQKWJWXU,F,2002-04-24,541453001079399,A
618,ONIVVAGRMZEQURLAUTOIOTSYXTZRPMKBPVPFWDLUUDBQKWJWXU,F,2002-04-24,403657771180482,B
619,MYAZYUVICJLKFGNKITTNQBKTEECFECFHELDAYVLVINDIAXWTAE,F,1970-06-01,653001320240237,A
620,MYAZYUVICJLKFGNKITTNQBKTEECFECFHELDAYVLVINDIAXWTAE,F,1970-06-01,313793284042886,B
621,CCKVIFMPAPSFTYBETOPMKOFQAQPKPJDYFQGXIBQBJUDZJDEWVZ,F,2006-04-29,488351386102094,A
622,CCKVIFMPAPSFTYBETOPMKOFQAQPKPJDYFQGXIBQBJUDZJDEWVZ,F,2006-04-29,223757521109608,B
623,WBPCDSDHYXSGSTXCMAWGSEQRRJMRYTBZIQZXJEUQYDEUGAKUFB,F,2007-11-22,950129796974598,A
624,WBPCDSDHYXSGSTXCMAWGSEQRRJMRYTBZIQZXJEUQYDEUGAKUFB,F,2007-11-22,881103685412792,B
625,PHTOPLYJCHYJQKCZHZHXDJQCYSCJTNCDZEOLHEHQFONJHJXDMS,F,2005-09-18,062505744921032,A
626,IZIXDGSKARWWWJIBDCEDAQFLXJGSNUDCZBAXZUGAHCXDKBEFLI,M,1979-04-17,053071676544954,A
627,IZIXDGSKARWWWJIBDCEDAQFLXJGSNUDCZBAXZUGAHCXDKBEFLI,M,1979-04-17,091199182829737,B
628,DSQTVZPDQNJCKEZYRHTUOJWABXOCIIRFNPFNIZUQJCCQBKYMFM,M,1982-09-01,003994606538858,A
629,SAZQBJHLOQYAOMDDQOSAAYROPDIVTXKXTIQQTFSXHNNMKRNHGC,M,1983-12-07,717306251724965,A
630,SAZQBJHLOQYAOMDDQOSAAYROPDIVTXKXTIQQTFSXHNNMKRNHGC,M,1983-12-07,770765460536889,B
631,XDDKYFUDJPLZKCGPBWRAMHYAAQZICVRRDHSTBILYOOUAZOYFYC,F,1988-01-08,007945462380207,A
632,XDDKYFUDJPLZKCGPBWRAMHYAAQZICVRRDHSTBILYOOUAZOYFYC,F,1988-01-08,880772863483194,B
633,OFYAILNZSTSBGISXQZQYQGPUXAUFNMEBHHHBXXUWIQULDCAFQD,M,1986-02-05,518189711233781,A
634,OFYAILNZSTSBGISXQZQYQGPUXAUFNMEBHHHBXXUWIQULDCAFQD,M,1986-02-05,794355540650060,B
635,HXFYFJSBUHINWFHTQJAIKUFOTMHJXPMERPMEZEDBVDIQOQALCD,M,1995-04-15,076850455964278,A
636,ZEWBTWUDFWDMLTJZJZKVOTAZVPDOVBUIICHZNCVTLNYRULELVZ,F,2001-10-04,614581573504615,A
637,ZEWBTWUDFWDMLTJZJZKVOTAZVPDOVBUIICHZNCVTLNYRULELVZ,F,2001-10-04,452320611897766,B
638,ROMHMBWBTHDTLQFITBLARFZIVBZDUPGJUJYDWOXJLOXDPPIRPB,M,2000-03-26,661098373377962,A
639,ROMHMBWBTHDTLQFITBLARFZIVBZDUPGJUJYDWOXJLOXDPPIRPB,M,2000-03-26,468761845548923,B
640,SXPRMDPZKROYXYYCMSKQUBOTBQUQLQZVKRBNWNYBGAVYORGOTW,F,2006-12-01,278267853606202,A
641,SXPRMDPZKROYXYYCMSKQUBOTBQUQLQZVKRBNWNYBGAVYORGOTW,F,2006-12-01,530086164690717,B
642,UEVIWOIZBZBRMNHONRHGZLMRSQLPFUNSMFDQLYEBGVPFHCUMRQ,F,1972-05-15,049756232263682,A
643,HDNVDHHFGBWEHNUWNDQRWRSKWSYLOLQKXMJRPYVYZJXUEXQNDI,M,1989-02-09,602490144870697,A
644,HDNVDHHFGBWEHNUWNDQRWRSKWSYLOLQKXMJRPYVYZJXUEXQNDI,M,1989-02-09,040633305028693,B
645,XCLRLCNNLVEQOZNTFCKFYNSBWUMRSVXTYGLDBRHQVWPLQBOZPO,M,1985-10-02,961539814894408,A
646,XCLRLCNNLVEQOZNTFCKFYNSBWUMRSVXTYGLDBRHQVWPLQBOZPO,M,1985-10-02,264429469236409,B
647,WFQNLTJYDJVHCKNVVHFPSXIKLAMMOAUHZVZXQGJLJLNDTKXBVJ,M,1995-09-16,020979428600391,A
648,SSPXIYSTFYJMJXMFJLHGCNDKZWHLNEAGXFXEEQHCSAVWMHWCNI,F,1989-02-13,448959979502595,A
649,SSPXIYSTFYJMJXMFJLHGCNDKZWHLNEAGXFXEEQHCSAVWMHWCNI,F,1989-02-13,835367860516359,B
650,LJDEKPWJLOLWBUNQPSKHHGQMHIFTRKZNPZMDOWDTSRREMXUJKI,F,1984-11-02,569772922516786,A
651,LJDEKPWJLOLWBUNQPSKHHGQMHIFTRKZNPZMDOWDTSRREMXUJKI,F,1984-11-02,625050016662358,B
652,LVXWZVDZJVTFGCQXXASTLMZCENVDDQJSQZRPGAZIFMZHLHDDYH,F,2006-10-02,994912247889302,A
653,CFRMZKXLGHLDASPZSATHJBRYQSDCDHGNNOSXIQZGWMXFSVTGPB,M,1999-10-16,019444926030978,A
654,CFRMZKXLGHLDASPZSATHJBRYQSDCDHGNNOSXIQZGWMXFSVTGPB,M,1999-10-16,353681052836186,B
655,IOXWZRRPKLYADOAYFFFWVVGWNKJUUHAAIFQHFSQWGHDMMCGZQK,M,1991-02-04,090795014292943,A
656,BQQCTQTGLFOCJDEYVVXQCMFBLBTDHTOUNAUQAJRBUXDVPZGYMN,M,1996-03-11,875769143503743,A
657,BQQCTQTGLFOCJDEYVVXQCMFBLBTDHTOUNAUQAJRBUXDVPZGYMN,M,1996-03-11,196005964189716,B
658,FHOWVJJDUFEHXPHMPUWAPPAIWIURQTZFCATENGMVQIGVAPDTLM,F,1996-08-14,221922400157877,A
659,FHOWVJJDUFEHXPHMPUWAPPAIWIURQTZFCATENGMVQIGVAPDTLM,F,1996-08-14,581692903896069,B
660,JTBYUUGMLEENUDHDIXZLHHSWJGCYKMUXEWOYLKUDRCJPOLVJOK,M,1975-01-05,073672750858946,A
661,JTBYUUGMLEENUDHDIXZLHHSWJGCYKMUXEWOYLKUDRCJPOLVJOK,M,1975-01-05,921461040738459,B
662,XDCXFUMYALSOPAKUZTRXMBNMLSLHYWEOHWUBXVZHFTTIASPAWU,M,1971-02-27,261862430249963,A
663,VFIRJMKQUIDVUMUUBZSUJFBAAFUEYLCBBNXXIIGPOKCVVESMMK,F,1998-12-29,617677605628003,A
664,UQGXIOGBKGUIZRBNLIMTTVIDCZVFPQPNNQOKKWIBTJGMYCAUYG,M,1981-06-20,585840145386235,A
665,UQGXIOGBKGUIZRBNLIMTTVIDCZVFPQPNNQOKKWIBTJGMYCAUYG,M,1981-06-20,136062970484731,B
666,APVWZSLMZPGMRFNQGVJIVBAVPXTCPUBRICAULPTVZREQZFTMWK,F,1997-08-06,918566140140093,A
667,ONLCUHQLQQCROFYNIYQUEQHDURPZXZEKROYMTGGHHVQNBQESZL,M,1977-11-30,340934667924859,A
668,ONLCUHQLQQCROFYNIYQUEQHDURPZXZEKROYMTGGHHVQNBQESZL,M,1977-11-30,612049007912465,B
669,RIWZHEBMABAWTMOARRADIYDUNYBCCMLEETKQPIXIPWOOBDTXJF,F,1995-03-15,870865544708433,A
670,GJLLLUUBHDZGQIKXPJUEGALOEFXYCIUNWCWPHJENAVXPYJGYYA,F,2008-01-30,055185029618100,A
671,GJLLLUUBHDZGQIKXPJUEGALOEFXYCIUNWCWPHJENAVXPYJGYYA,F,2008-01-30,154085488243621,B
672,SMUWLADXHQXMPJEYIBRONKNRRIOKWDXNQCQDDNNSOHHGBBGROI,F,2000-06-26,442693555683464,A
673,SMUWLADXHQXMPJEYIBRONKNRRIOKWDXNQCQDDNNSOHHGBBGROI,F,2000-06-26,029958069241756,B
674,EOMFCRVVVEZWLPSOWNHBLOUKMBYOGPZRANMLINOUKJUELLUNVZ,M,1988-05-06,933431106035298,A
675,EOMFCRVVVEZWLPSOWNHBLOUKMBYOGPZRANMLINOUKJUELLUNVZ,M,1988-05-06,785587200024653,B
676,BKNIEXOENBCSFPNGXUWEJDMFFCXDWIHHPAQUSIWRAXETZZTQGJ,M,1997-01-29,910620782521646,A
677,BKNIEXOENBCSFPNGXUWEJDMFFCXDWIHHPAQUSIWRAXETZZTQGJ,M,1997-01-29,303349293862946,B
678,KLTRZIGSEGYCJUAMLWGEUZPNTCGYJKJXXVPNAYDESVPNTBOCBK,F,1992-04-14,087690074253746,A
679,ZIABGDOLKUABPRLXIQZBSYKRLZNICXOASVZGHIMBGZKWTXDKWV,F,1977-01-07,762874240056435,A
680,ZIABGDOLKUABPRLXIQZBSYKRLZNICXOASVZGHIMBGZKWTXDKWV,F,1977-01-07,996586448452336,B
681,FEKQLTYDIIHFZKRDPNSROOMAPETHMBQDYISMPFPBHOZZIHLFSR,F,2009-01-18,958767685748252,A
682,FEKQLTYDIIHFZKRDPNSROOMAPETHMBQDYISMPFPBHOZZIHLFSR,F,2009-01-18,722668889862083,B
683,BETHWHSWIJMQHUXYEMAPSYYAUGZJBVCHYBEBPIUMJUIQNNBSDZ,M,1989-03-17,695194059143348,A
684,TNZREWQABKFTVNVMHNNOVZKGALVPVKIKNQABMLYGIVDRCXFAEA,F,1990-11-30,299839948614964,A
685,TNZREWQABKFTVNVMHNNOVZKGALVPVKIKNQABMLYGIVDRCXFAEA,F,1990-11-30,905589838825958,B
686,ZEXMULGYSNJYNWOGSFXXMVUFQZDIFIGLKLHPXQDIHCTJRACDBZ,F,1984-09-20,243012643661294,A
687,FTGMXMQPUZDJIJRLSNFXOFGUAGBLKZUUAUIXTHYRJNOPLVOAPE,F,1971-12-06,304855348659596,A
688,NUCSCOFYMXXQIADSUNPGKCPCABCRLUGYFYZGIBZWTTYBWJQLSP,F,2000-09-17,842386167841551,A
689,NUCSCOFYMXXQIADSUNPGKCPCABCRLUGYFYZGIBZWTTYBWJQLSP,F,2000-09-17,891895735308631,B
690,FESUJOFIITGEYKVJUYCYPLPTCDORLFELDBGOZFVAGEDYOYJDSA,F,1976-07-11,706097340750908,A
691,XSHUQRTQKCCIABBYYODYQYWCUVCSOVRFRZJMNATTOPCOWDOGMO,M,2007-09-23,827059140800718,A
692,DJSCGQWHCZCAETEQTLFMDMDUMZYSWQURTRPZHQFBXSKUKADPHX,F,1976-02-21,539590358690768,A
693,KNZMRWKNPEIOVTYWOZLEZPPKOMYJSJTTLVDVLREDYOXQRYDGFB,M,2004-11-02,371052016390836,A
694,VIBAILNCXUIVJFOQUSMSWITNWXFPUTRIMYFZOYUVLIWHAJZHVQ,F,2007-01-25,286654787353656,A
695,VIBAILNCXUIVJFOQUSMSWITNWXFPUTRIMYFZOYUVLIWHAJZHVQ,F,2007-01-25,364579101745696,B
696,DLVUFXUTPJMBUIBDDEJWFGTCKCLHLOTSUCLONFWGZDEZEBDLSG,M,1984-06-19,459544651287168,A
697,DLVUFXUTPJMBUIBDDEJWFGTCKCLHLOTSUCLONFWGZDEZEBDLSG,M,1984-06-19,092337815462350,B
698,QDAIAOWHJEEYOURRCIDTBFDPARCMNQJCBYOUHPEGBXWFORBGSY,M,1971-12-24,808705746223367,A
699,OXIYWUCOCUINEXGYHHXJSOGJRRLBWXQSSBRHGCOZTTTVUFWEZZ,F,1986-03-27,568658135557529,A
700,JLQQHRBTQFXZLXBPVQPGPREAGWBESVXKURARGQSNIPWLAMLNEU,M,1983-03-21,697339485400891,A
701,JLQQHRBTQFXZLXBPVQPGPREAGWBESVXKURARGQSNIPWLAMLNEU,M,1983-03-21,527508534028992,B
702,TFJXWMADECSQGJGDXMZTWRPENUPTKGAEDQXYGSDWPKMGGVLBQU,M,2008-08-16,981628534794770,A
703,TFJXWMADECSQGJGDXMZTWRPENUPTKGAEDQXYGSDWPKMGGVLBQU,M,2008-08-16,994458246322443,B
704,XSNAMHDTEPEYAHEYGNNJFGLTAKZTMKTIROTJLPGCCGUSDCYPGZ,F,1975-09-20,325509087428529,A
705,XSNAMHDTEPEYAHEYGNNJFGLTAKZTMKTIROTJLPGCCGUSDCYPGZ,F,1975-09-20,030823260591289,B
706,PACLONBUCTHEZHGCBKWQIZTWNEJUUEUUNQMJZAATJVGMJDWUHK,M,2009-07-02,403883584413219,A
707,PACLONBUCTHEZHGCBKWQIZTWNEJUUEUUNQMJZAATJVGMJDWUHK,M,2009-07-02,202530412994855,B
708,YCWKACGSMIUIGCKZUVUVTUGAUMSZCHLIFHNBZYIPJOGGXOLMGC,M,2007-12-23,499883300885371,A
709,YCRTVTWTBFGJWTDOZBCTQZDIAEFAZGPBVYRNNYYRDWVAKLZISS,F,1994-04-27,091029003503182,A
710,YCRTVTWTBFGJWTDOZBCTQZDIAEFAZGPBVYRNNYYRDWVAKLZISS,F,1994-04-27,757840645800414,B
711,CWTBZZVLXLOYQOGALGNAETKWZPGQKHLRFARBFIWPEMZJVSWNIK,M,1996-09-06,779321599198623,A
712,RGNFOHNJHTCYBWMXCWWGULYEZCDJUUBXVALRIRFXRPIBXAVUWU,F,1987-03-03,010262249506987,A
713,RGNFOHNJHTCYBWMXCWWGULYEZCDJUUBXVALRIRFXRPIBXAVUWU,F,1987-03-03,580823093766460,B
714,GKKLTPSELQTJGKTTPHGWQHZZQGVETFLDRMXAWGXYLTXYSGDRAZ,F,1975-08-27,017020355914993,A
715,GKKLTPSELQTJGKTTPHGWQHZZQGVETFLDRMXAWGXYLTXYSGDRAZ,F,1975-08-27,875148088599090,B
716,UTRYJKWQYTOSJENVOIFWCKMSTXGESYHNYKOJVGDVRNBTOHKZZT,F,1986-12-14,326678102505606,A
717,UTRYJKWQYTOSJENVOIFWCKMSTXGESYHNYKOJVGDVRNBTOHKZZT,F,1986-12-14,888990621680846,B
718,ALGAQAJKNCIKJAIWUQKLBFALCBOSTERFKULFMXMQRZSCJOOKET,F,1977-01-14,921722174053086,A
719,YKQHFTMVZDWGIMCXWAHJQUUIBQYENWWGSMLUPBJXHSIVOTQEVU,M,1987-01-01,913249053570912,A
720,OWHKGPMBZUVCXMKEXYJPPQYDWIMMALIEBCGBERLPMGEMZNEHPL,M,1971-05-09,544909559557670,A
721,OWHKGPMBZUVCXMKEXYJPPQYDWIMMALIEBCGBERLPMGEMZNEHPL,M,1971-05-09,659377823705988,B
722,UWBZJXJMMUXOSOPURKKFIIQPCCVQKLRBULHPFQCQZWATWEXQLW,M,2006-02-07,470470857957468,A
723,RQARVKRQORSIGPODWBFRIKAFHUDVIUJLFIWRRBPTARSYSFLPFV,M,1979-06-21,862243789901050,A
724,RQARVKRQORSIGPODWBFRIKAFHUDVIUJLFIWRRBPTARSYSFLPFV,M,1979-06-21,234020051272043,B
725,RVWHZNGMHOEZHUQCSVRANBMYDQAXLZSJEQQACKAMZWYLULNZVF,M,1977-03-12,608719474717089,A
726,AECAYUEPDKOSNBHTRBFACOBGHKRWEMERHPARIMXWRKVVELFVCP,M,1981-01-27,463686516925044,A
727,RPBJCVYDPJJEIBZDGWPIAKYJNEUDDCXHITADSTEEKOPYJJKABG,F,2003-11-18,076384747374788,A
728,RPBJCVYDPJJEIBZDGWPIAKYJNEUDDCXHITADSTEEKOPYJJKABG,F,2003-11-18,203965327776847,B
729,LXAASDCHGIQAGMGGXMMHSBCQKMEYRFWAKQWHUUUNMCMZMXAYYP,F,1975-04-17,765966654742515,A
730,LXAASDCHGIQAGMGGXMMHSBCQKMEYRFWAKQWHUUUNMCMZMXAYYP,F,1975-04-17,836899841819550,B
731,LEHKDENFCSUHCTOPLBJWFRAJRWKGTCGYDFUMCOMZOYGZEFMEPK,F,1977-12-22,382668389471979,A
732,AJRWGDTOYGFBWEHUCDZFDKTEPHIMKAQIJTQWLFDUJGGRQDWQLT,F,2001-09-11,977254479443209,A
733,TNTFTBXJAAXYKWPPCGAOYVBHLSWPLLVVWDHAGFPPBFFWTOPHYQ,M,1986-11-05,074961659625195,A
734,TNTFTBXJAAXYKWPPCGAOYVBHLSWPLLVVWDHAGFPPBFFWTOPHYQ,M,1986-11-05,220156247363512,B
735,XCVAWEQZVJRMKUPEXGQWVQLFHHXNEKOKPHAUZAAPRBAGRIGMBG,M,2006-01-20,908056320282333,A
736,PFQNYAQSVNNUJEVPAZDMKXHYXMBKVLZGUHWRSOGMIDVTGPLUOK,F,1995-09-17,340075651758361,A
737,PFQNYAQSVNNUJEVPAZDMKXHYXMBKVLZGUHWRSOGMIDVTGPLUOK,F,1995-09-17,888713332753730,B
738,SFATDCLZCBOULZNFLDIQFKYIMLIBEHLYGMNYUIJYOGFNSHLNZP,F,2002-11-03,970157870579886,A
739,JJMWWTEAAKWFQYKECVHETHRXDTJHSMTJHWULVWFRKOGDHAAQJD,F,1972-01-10,116997187279720,A
740,JJMWWTEAAKWFQYKECVHETHRXDTJHSMTJHWULVWFRKOGDHAAQJD,F,1972-01-10,781075412550780,B
741,TCNEGOVAMJYCVUUIHLJTXNQSOWNROTUNXLOVDPCDMBEFJNJMMX,M,2005-07-12,671074865904832,A
742,TCNEGOVAMJYCVUUIHLJTXNQSOWNROTUNXLOVDPCDMBEFJNJMMX,M,2005-07-12,459971126031428,B
743,POQJBIJYKFGXNFKQLQWZAHYORRPWNYECAHYZGSSPDDUHHRFRJI,F,1988-03-21,892366874598187,A
744,VJZWBYFZEIVSPKHHDGWRXKMEEYSKZJFVWHGINMPZYXWBIMBBDD,M,1985-10-30,944035677401985,A
745,BNQBFDYEJDXXQXDWWMOZYLRTXMCPYCFMDWHTNKWARMHPYFQXOL,F,1993-11-11,804559405460719,A
746,BNQBFDYEJDXXQXDWWMOZYLRTXMCPYCFMDWHTNKWARMHPYFQXOL,F,1993-11-11,006252456168529,B
747,OOBSMFURXYFBMBKRHNDMBVYOQEXTXGIOYYMVFFLYTWWYHENUWX,M,1980-05-26,373780407185812,A
748,WQTOFYKTBDDHJYYTWNAFSSHZAZVLZLSFLIUZLRVHCOIHUWOPYE,M,1977-02-15,067478195949227,A
749,RBIHWVTFFPCRNVZAGEUWVGMGUPZXHGGNWIOYSFCDSOKNFOXXXT,F,1988-06-24,327076677251992,A
750,LLDZQISGLEBEHZYPXKNRZNUOCVRVJDOHFINSNCVUFYERPXGBXX,M,1993-05-14,675844796359124,A
751,WUYTDUFFYYTOSXRMXJNELOKVULEXNEJKPHVDOLUWDFISQMGFKT,F,2001-07-05,672774703219028,A
752,WUUYAIWOANRAWZZSFYABKVPLCWAKDRWFAVTYPOFFOOUNLZGUCU,F,2007-01-04,742954884313416,A
753,EJCIPBKTKOAXFLVEZTZCTAVFTTQDZVVCFUIQHVVQGWSPLTNOBW,F,1979-11-04,386990194001605,A
754,DVTXOZGZUOYVSUDHHRQLHUKTYIQPWORNIENNHVELLFKTUHDKYF,M,1973-07-28,192288014994008,A
755,DVTXOZGZUOYVSUDHHRQLHUKTYIQPWORNIENNHVELLFKTUHDKYF,M,1973-07-28,641470988024011,B
756,YDTMORNWQJJVPVRLPMGYWBDOYVXHUCYSXDGZIOHRJYAIHOLUQA,F,2000-06-26,212434833605489,A
757,YDTMORNWQJJVPVRLPMGYWBDOYVXHUCYSXDGZIOHRJYAIHOLUQA,F,2000-06-26,948682798014985,B
758,HMEHHQFZZADWLIUOUUCEKFGLLTEQOCYCSSSHOFWINHUJQLVPXP,F,1993-10-23,733317476971180,A
759,RTOMMYTDAMXLVEQSDLVFECEVQXJWFCXKORSLRVHXZMQRLRJZGB,F,1992-10-12,696635201237656,A
760,RTOMMYTDAMXLVEQSDLVFECEVQXJWFCXKORSLRVHXZMQRLRJZGB,F,1992-10-12,610254212436898,B
761,RIPPADTNQXROFNTRGVQBYMNBIJTLJWDDZDJLKEHAOXZHCQPOGP,F,1977-08-13,949729184907768,A
762,MUXHDFZKBXYDXCMPAABZTTJXLOSLQSEWTUHTOVETMXWJYFDJPH,F,2007-06-05,511789845565506,A
763,MUXHDFZKBXYDXCMPAABZTTJXLOSLQSEWTUHTOVETMXWJYFDJPH,F,2007-06-05,225372461230491,B
764,HUJBLTXQXIJDOCUNTOJJQNBJFSTVFACTQLVHXPPQPZZNENSSWA,F,2006-12-06,112311464242574,A
765,HUJBLTXQXIJDOCUNTOJJQNBJFSTVFACTQLVHXPPQPZZNENSSWA,F,2006-12-06,200019114072790,B
766,SAWSITDYLPKECYFDNZVNKEUNPOXEPRBVGMEXAQFAVSVNRHFHHD,F,2007-10-28,483343035406096,A
767,SAWSITDYLPKECYFDNZVNKEUNPOXEPRBVGMEXAQFAVSVNRHFHHD,F,2007-10-28,798491141205685,B
768,AUMDWSPHQMKKQINVQFALXLEVLRDEWRCZUTYTHJNGBJWOURIJTT,F,1976-04-30,617981587402856,A
769,GNEMVIRYWVAKJGTCJRSJBKWSYBXNUMDCZTPBVEDQKZVADMMFZD,M,1985-05-18,748498838264562,A
770,MEAYPYFIRDBYHRIGRCTEYXDJBAZBHWQVBBLEABQUVFMZCQAURE,M,1971-08-20,862959302090738,A
771,KKBHETYYIQXVTAKSVHPIWBTCUDXUSEMKKDBNNUULOKVSXJIFEW,M,2002-02-01,190457429632437,A
772,KKBHETYYIQXVTAKSVHPIWBTCUDXUSEMKKDBNNUULOKVSXJIFEW,M,2002-02-01,692832310282224,B
773,HBPVQUKEBXOPIOYHOTCPESYOURPQTPHJVJHTSGPGHBQGSDOGPC,F,1997-07-08,004429539862726,A
774,UTEYSLGPKWGHFZOELXXONJIEFEPUAUSBVFVWKPCUDBACGIHYXR,M,1992-10-15,135760957297123,A
775,UTEYSLGPKWGHFZOELXXONJIEFEPUAUSBVFVWKPCUDBACGIHYXR,M,1992-10-15,496772477886754,B
776,FRDXCPLWBSDUVGLWSPDQDMCFNDYGMTTEOVRYPFKPFRYMEKJXYR,M,1998-10-09,316796157085523,A
777,EUUUUXKNKPCOJMNJRAZAPWSVBFYPTJXTEYUNHFUFWKZPGPZBID,M,2000-09-27,005395908792759,A
778,EUUUUXKNKPCOJMNJRAZAPWSVBFYPTJXTEYUNHFUFWKZPGPZBID,M,2000-09-27,601700563553620,B
779,UZXNIISOSTQTFCFXFTVJLKMQXUKDAJHPYKCGONRMQVZWWPVHXK,F,2003-08-25,762392027111213,A
780,TBDUQYFVNUUDGSRVDXCEFPPCVUZVARJUFNAUXNORSSVNJMOEOH,F,1980-11-10,491291687113271,A
781,TBDUQYFVNUUDGSRVDXCEFPPCVUZVARJUFNAUXNORSSVNJMOEOH,F,1980-11-10,268251899097278,B
782,EQGYRBDOGUBRQHNIWDWZFBHPZQJRJWRTBNLXYBJOSMOIJPXXCL,F,1984-11-24,782221415239818,A
783,BKGORMQJXPEEXTFEGUPTBHGQZUQJAUAHUHDJUHVTSGEEIQLGRB,F,2004-08-22,350193408351100,A
784,BKGORMQJXPEEXTFEGUPTBHGQZUQJAUAHUHDJUHVTSGEEIQLGRB,F,2004-08-22,305115540160781,B
785,VYNRCYNZRSTYBSNDFLPDMBNBMUFFETEZNSMVHSALDRFCFWVOFR,F,2004-11-07,547760941066763,A
786,VYNRCYNZRSTYBSNDFLPDMBNBMUFFETEZNSMVHSALDRFCFWVOFR,F,2004-11-07,882429678134505,B
787,SOWHIRGIHOKJSBOEENGBNACLSOAVSPGJZNQRDWDSONCKSNWHTY,F,1986-06-16,168885595656142,A
788,ZAONSJJXKRMRSPGELQYQNEARDYAYHQAHTOWHPOYLFSEGCRVIPW,F,1977-12-14,424062370738677,A
789,ZAONSJJXKRMRSPGELQYQNEARDYAYHQAHTOWHPOYLFSEGCRVIPW,F,1977-12-14,872019889362128,B
790,ZUDQALLEXHGARYIHGQELMYDJZJBSIZVCQXBNQHUVFOMGLMEXOW,M,1998-10-31,958512853131070,A
791,NTDGHVSSITKIHHZJNYGLRLCLUMRNIWZZUZBXWZXBPGEJFYAAWM,F,1985-07-22,333714412435995,A
792,ABGURUEANAJFCDUXPYNUQUQICRQPQAHLBPZGCXLLMSFIOPHREG,F,1986-08-24,014550119772053,A
793,ICBOKHQPUOPBGOCMJQTLSQSCNLTXPUSSFJCSLJRLCWJCQBMZDL,M,1980-09-30,039838814778904,A
794,YBIHGROYYJRUPPKQECDRSMWJVIKXPRTHRUDLWRSETGNAOVKMHF,F,2002-09-20,570537561910267,A
795,GNMOTKFIKPAMKGIQCYYFPXXHSWLIWKTCSQFRMDZHNMTKSPEOJA,F,1993-02-07,636524393483706,A
796,GNMOTKFIKPAMKGIQCYYFPXXHSWLIWKTCSQFRMDZHNMTKSPEOJA,F,1993-02-07,348521918708810,B
797,VWKHTRYWCNFACXVLNJHEGCLWKPJUOAGKYKDADIXDTJZAIHKNLO,M,1996-05-25,711451001434807,A
798,VWKHTRYWCNFACXVLNJHEGCLWKPJUOAGKYKDADIXDTJZAIHKNLO,M,1996-05-25,455285891765951,B
799,YOSMMEPORWTAXBXDQNYQJBFXLTUHDEKJEBIZRSDPJMPZODGLTO,F,2007-01-17,570896409995344,A
800,LXWIAWFLZLJSPFIYQWLYOURFVFTQTRJKIDAPKKJMUVADSQTGXY,F,2003-06-02,594624656356537,A
801,UAXLSMHOFCNMTEMQNXMYQFCTYFHPEDOBRBZTTDNQDWJXEHGECJ,M,1973-06-16,434291447539972,A
802,QTDYGCCKXYTXFGCQPLERVZGUPEIHMPQQJHAYGDAOURTRMIGVEY,F,2007-12-14,085721208636340,A
803,QTDYGCCKXYTXFGCQPLERVZGUPEIHMPQQJHAYGDAOURTRMIGVEY,F,2007-12-14,911578753584176,B
804,EGMJMHETMURZZEQTLABBCNLDZYZBBVKSXNVYHLBPLSPTSSVMAW,F,2000-06-09,284878977986466,A
805,EGMJMHETMURZZEQTLABBCNLDZYZBBVKSXNVYHLBPLSPTSSVMAW,F,2000-06-09,381273329427508,B
806,KRPGPRAHFFFWFEVCFHZFURXNVMYFKKYROWUZPFRAUJDNDKTCVR,F,1987-07-09,842350648280876,A
807,KRPGPRAHFFFWFEVCFHZFURXNVMYFKKYROWUZPFRAUJDNDKTCVR,F,1987-07-09,907678414718474,B
808,MMOJEZQJBQDVZDIBRGYZUHZSUAUVSIDJAWZUKCGJAIQTNIDXSW,F,1993-09-09,042877744232620,A
809,XLWUYZMEJILZUVESDAPFHLDQGMHUPUSXZGAXLNDACZMJSSREEK,F,2003-04-22,811365600444933,A
810,XLWUYZMEJILZUVESDAPFHLDQGMHUPUSXZGAXLNDACZMJSSREEK,F,2003-04-22,794463269297140,B
811,KEGPNXGUSZHSXRMWBJQKOQMBUKWWGNKTLLWYOQICHTMPZOQXIP,M,1980-12-03,595047086385759,A
812,MFTPKTHESSOQTFAIMGIEAVLQGWBRXLVYKKZWCNQIHZYIZSJRQG,M,2002-04-26,862943743074448,A
813,BFAGRKDPYFUHNMJARCVKUJMQNEMWWCHEPDTMKGWSJXVSWBKBDG,F,1973-02-22,062496041310944,A
814,LAMPHMRPYLCSEFMZMRLHRSVQSWJGLTJWDFUMIZTVKJQDWLVLYC,F,1988-01-28,772587212027880,A
815,LAMPHMRPYLCSEFMZMRLHRSVQSWJGLTJWDFUMIZTVKJQDWLVLYC,F,1988-01-28,837596638161679,B
816,QADQKCVQYVULFOTBDYEKTLRREGXQIRQRYXCPSDSWVKAREZBSJR,F,1974-04-30,303891284755651,A
817,XSIPJAVFSNNALPTZFDSBRGRHGZGJFJCWDGDPJQSXAMKRQYFXTU,M,1981-02-16,148885731132675,A
818,XSIPJAVFSNNALPTZFDSBRGRHGZGJFJCWDGDPJQSXAMKRQYFXTU,M,1981-02-16,162803113519887,B
819,VDZJJYIGHGYCFXPEHLQCVJWKEOJIAFHCZMOZAVPXGEPNYCSATO,F,2001-03-09,249616133752185,A
820,DZULMBTYCGXLBWXMPYOXNCROLSEQNOKFAAMMPVEPKCGHEEFLJO,F,2009-08-20,070285917579267,A
821,DZULMBTYCGXLBWXMPYOXNCROLSEQNOKFAAMMPVEPKCGHEEFLJO,F,2009-08-20,649728134956626,B
822,AMHBFDTWHVTUWQLMBTDPDYRCTVVGFTELRUUVQEJJEZREWNBMPL,F,1998-06-04,480644068184529,A
823,AMHBFDTWHVTUWQLMBTDPDYRCTVVGFTELRUUVQEJJEZREWNBMPL,F,1998-06-04,732713108103003,B
824,CXCJILZXMEVPJSZUIAWYJGICIWFRZVUPFOCWIQLNYHNYTLJZEC,F,2009-08-13,564836463457515,A
825,CXCJILZXMEVPJSZUIAWYJGICIWFRZVUPFOCWIQLNYHNYTLJZEC,F,2009-08-13,704438007013375,B
826,NNVLKGZLZNTRSRYDOYQHNJCMGVPALTMQRPDJFEBKCHACTFOTZG,M,1994-10-13,161533901916533,A
827,NNVLKGZLZNTRSRYDOYQHNJCMGVPALTMQRPDJFEBKCHACTFOTZG,M,1994-10-13,134181709112648,B
828,WVRGNRSUPOIXCLPLGKFZVZUEWYWJCRZOXXDVSSINRARDLZXXTQ,M,1991-07-22,843356970883870,A
829,WVRGNRSUPOIXCLPLGKFZVZUEWYWJCRZOXXDVSSINRARDLZXXTQ,M,1991-07-22,359077928944329,B
830,WZBWPBXGBAJJQGZGWQPNTESOWIOGRPOFDLMWGYPLWHRBMZRHCX,M,2009-12-18,595716055385210,A
831,WZBWPBXGBAJJQGZGWQPNTESOWIOGRPOFDLMWGYPLWHRBMZRHCX,M,2009-12-18,533059044343577,B
832,MRQNOXDDOPHSBKARVCERXIHABXLCVUWGAXEIDWDQCYNOFIQWHR,M,2002-01-13,076852326849700,A
833,OYEUTGKDTGYAVWVANBOSNSRQPQXMDKCMOIFBFIMLNWSCIJSDTJ,M,1982-02-11,508592918427045,A
834,CUELIHCDIUJRUJVQZRCCWSJYJLNJYNNEWDBUEBJMSFNILAGMBV,M,1991-06-30,048046214912613,A
835,STKMJPBWELPFWQKJMTFFHZXDCBVSRBTHFWYEKDNIOGFVHUAGJN,M,2004-02-04,986217465597447,A
836,SYYKXLRLLCJDFOOVSTWGZNXKJYUQKCLIIMDMLXXVYGOGPFNXDC,M,1982-12-23,572112430133067,A
837,KNEMJYVSZFZFRRMPWFHRFLCWTPISPYFZXNUMOZTCLORDBAOCYA,M,1978-08-18,401214505560060,A
838,KNEMJYVSZFZFRRMPWFHRFLCWTPISPYFZXNUMOZTCLORDBAOCYA,M,1978-08-18,311180295022321,B
839,VYFPSLPVAXRVXHOIDZRMALEPCHMXJJLTLDQODRLDUBOJUTTWUY,M,1992-03-07,236708427517363,A
840,ZLHDEZFDWPAUXKDLBCZMUVGVDRLCQQXZVORCGNWWOHAMBMVEBJ,F,2003-07-24,957339801567276,A
841,ZLHDEZFDWPAUXKDLBCZMUVGVDRLCQQXZVORCGNWWOHAMBMVEBJ,F,2003-07-24,989284810643092,B
842,UDAMYOFAJWKCXXCBNVVFHOONNCBEXOHTSPALPREXSBKGFNRUHR,F,1984-06-10,137121531700064,A
843,UDAMYOFAJWKCXXCBNVVFHOONNCBEXOHTSPALPREXSBKGFNRUHR,F,1984-06-10,272964969531155,B
844,XYLIWIGFFKOKREFKVGLACURDLUDBYWEFBFTRTDBLQCXSPOZOCR,M,1989-11-20,755338386222530,A
845,XYLIWIGFFKOKREFKVGLACURDLUDBYWEFBFTRTDBLQCXSPOZOCR,M,1989-11-20,452900479211325,B
846,SPHIQPYKJSILJETPEQARFQNKNJZPQAWDLVZUYBAQXZBLSSDUWC,F,1982-09-13,644089663244720,A
847,SPHIQPYKJSILJETPEQARFQNKNJZPQAWDLVZUYBAQXZBLSSDUWC,F,1982-09-13,694056161192059,B
848,MWRFGLJKEHRSBEWNHNLQRKDPWHGUOESAOHKZGTZVYEAMSCFHFB,M,1973-03-05,243087285706058,A
849,MWRFGLJKEHRSBEWNHNLQRKDPWHGUOESAOHKZGTZVYEAMSCFHFB,M,1973-03-05,924893991914161,B
850,NXWGMZBDJYXIZOZBVLVXTIWFRIATQMNYZTIQEZGLNYNGKOPBLA,M,1975-04-24,267787225947031,A
851,NXWGMZBDJYXIZOZBVLVXTIWFRIATQMNYZTIQEZGLNYNGKOPBLA,M,1975-04-24,132195958726593,B
852,VRBJPNWQKIQVMCLIWJBDKZRTXFKIUEVPHUCNEZAADGQFFLBMGM,M,1981-09-02,356492205887713,A
853,VRBJPNWQKIQVMCLIWJBDKZRTXFKIUEVPHUCNEZAADGQFFLBMGM,M,1981-09-02,722717004450008,B
854,XHYGJOWPGZOLNTQXRLPGMVDJMKMKSRKTVMNLAWVQEAKRUTICVW,F,1977-08-27,474693999949708,A
855,XHYGJOWPGZOLNTQXRLPGMVDJMKMKSRKTVMNLAWVQEAKRUTICVW,F,1977-08-27,215257601481248,B
856,OWUEYNXUNUOSFJJYLPWVTMWQSSBOXGVUAFCMBXRWUJZFRXIELW,F,2009-10-04,574925806369809,A
857,OWUEYNXUNUOSFJJYLPWVTMWQSSBOXGVUAFCMBXRWUJZFRXIELW,F,2009-10-04,481254060270775,B
858,OOHJPIYIEHXLMMCBVWYIOLODONKAICDOSRJVDFRCKPEEVRPRYH,M,1997-08-23,206605213983756,A
859,OOHJPIYIEHXLMMCBVWYIOLODONKAICDOSRJVDFRCKPEEVRPRYH,M,1997-08-23,263226608346150,B
860,NFPFSKUTGULHYSHBFVUVTVIYZIOHMSHNWPZMWAZSSAFMTKUSTY,M,1987-06-10,828188511068463,A
861,NFPFSKUTGULHYSHBFVUVTVIYZIOHMSHNWPZMWAZSSAFMTKUSTY,M,1987-06-10,316653857196411,B
862,KPFJEVNNSAVKODJKLDABICEESJZVFSGRBVEZNXBLXKLBUOPXCA,M,1998-03-09,468694152881117,A
863,KPFJEVNNSAVKODJKLDABICEESJZVFSGRBVEZNXBLXKLBUOPXCA,M,1998-03-09,216549651252438,B
864,WTRYJUTIKLWEWHHSFZKGPIZGVTFWSEUYBGYAYQAGROJZERQSUG,F,1981-06-21,835062376739871,A
865,EWWUIBHZTDKCXUMBZGBGTUCLRCTMVDKZPTNFPBHVXETBTAKVJV,M,2001-05-22,005694961219779,A
866,EWWUIBHZTDKCXUMBZGBGTUCLRCTMVDKZPTNFPBHVXETBTAKVJV,M,2001-05-22,876494500532578,B
867,RWXOHLIQMDXIOGMGGMWQBWVEOTFDYYVXNSDUTJXWQIMXOUONKW,M,1978-12-20,254262126885757,A
868,YQDDWUNLYCKBKHACSEMHGRMCRKYXRWYVNGQTOLVAGAJRMRLMDP,F,2004-03-02,247489804617948,A
869,KBCXSBKXWNKEBQNAYYAYXIEAQJPWZEGTCMWMHXWUPMMSIRQFDI,M,1981-03-11,704618548391165,A
870,VESVHDPUXCUOLMIJAWRURCQTPIAGYLKWBPJNVKPWWCJWXCYPBG,F,1997-06-20,284883302444560,A
871,ZPIIFJGQKDEWIIDSZJZYYZYATIRFTWARBDWETRMKLYYGHGKPBZ,F,1995-02-15,539619909457099,A
872,MRRJGAOJBLTKAGUXKHYTEHCMCEFQAGZQOEQNPJOEFNCUAGUVDN,M,1995-03-26,444754038367498,A
873,NKPWWYYULDUATBTQHIGFCACFZYHXGJTIUKDCVTXGHDAZZXRNST,M,1977-02-20,208730927978152,A
874,NKPWWYYULDUATBTQHIGFCACFZYHXGJTIUKDCVTXGHDAZZXRNST,M,1977-02-20,111126457276680,B
875,HIAGTPTHDDMGINMDTNKJMXMHJRUGYDYOJDJUDLYJZDRMEIOUBO,F,2000-09-14,417882104416811,A
876,HIAGTPTHDDMGINMDTNKJMXMHJRUGYDYOJDJUDLYJZDRMEIOUBO,F,2000-09-14,735943951893894,B
877,EDRVKNTIAWXMOARDULKJJWJKKLPCBBPHBMJFFHWBAPWCLLCINS,M,1996-08-31,524354939992841,A
878,KFNLHHVMTQDRTFRTLSZWGLKTOILWFNKOTZPYIAZLBOUGORLFWH,F,2001-09-22,801298299570882,A
879,UXVPUPYHIBCQSYKAJPEJBIRTUFORYBAQWEVHVALZKCESRSCTRC,M,1999-07-05,481797449385817,A
880,CKTXEXNPINTHBJBALTFEZHNWCTKAUREALQCGSOAHLZMPEQVYBA,F,2002-08-27,840455344861125,A
881,CKTXEXNPINTHBJBALTFEZHNWCTKAUREALQCGSOAHLZMPEQVYBA,F,2002-08-27,185293169551443,B
882,TILBYQSAXZOMRXMRVKRCFORPFEXUQSNBRYVJZGXBUOSIKWEAUE,M,1984-07-03,009616875739707,A
883,OUJLAIWEVYPHLJMEOKTLUKRTQEDSAAVTBJXQWUEIKVMOMMRBUU,F,2000-02-07,020173886426893,A
884,SRMUFRKEFIAMUXGCOGVRRZBLPWHCUIHFTZVYLWWZCGVVOTCAXS,M,1976-08-02,850518796858106,A
885,UDVEYKBNRXXAKZMNYBAIKSYZSCAJQINWXNBUMVUPFSOLUSHJOD,M,1991-09-29,424832772831667,A
886,GJHYWAOTECBFXGGRESNMXNJABXGSMPUSYORKQOQMUVUXYHWAJD,F,2003-09-04,535940335864597,A
887,GJHYWAOTECBFXGGRESNMXNJABXGSMPUSYORKQOQMUVUXYHWAJD,F,2003-09-04,695207570484228,B
888,FTPNAKTNITFYLOTFBHQITZLCNJURAOLVLWZOGINEMLLNBEOGKU,M,2004-10-21,617875412887101,A
889,GHXTGOPXOVFUEMPIOMBABLVLQMCIHVETTZWRMKSXQYIFFXLQGS,F,1991-09-28,344133552411670,A
890,WXGINLZZZZBEIUFRMFVJPDXDNXLCFANPYDIXGBDXJDDIQRRUIQ,M,2000-09-28,311595019010452,A
891,BCLFGGOOTYUEIRQMPQHIAJNJCUFQGYWUTPPNMOWAYEIOTDATRW,M,1971-08-28,343997739238706,A
892,MICBKKDFTSKTIPIAPVNFDJOEPXXLJUQWXZYOVAAZOOWFCTCIZZ,F,2005-03-01,991963487793862,A
893,JHQDWAMFRFLJFRYKLQRBCTRSUIDCKINQUVWRYJDPFFBTZBNJNC,M,2009-10-10,574406500202671,A
894,NWMRUHXZLHCXJNDIIGXAUBVROCHMZYKVHEXOADTYLWUZYJAARL,F,1986-07-27,342477933302930,A
895,FNHLKDKTRZDZLFZGQNTOQZLWJAFAXAWIOXAHBJIZWVYYMTZIFW,M,1994-08-25,956412594272229,A
896,HZYGLYQZOWRKVHXSQQRPGQWCWESPDZJKOVSIUBNDJKSCEPMPNX,F,2002-07-12,755850054612819,A
897,HZYGLYQZOWRKVHXSQQRPGQWCWESPDZJKOVSIUBNDJKSCEPMPNX,F,2002-07-12,880897005368878,B
898,BRUIXKUEYOMRKLHRNQDGKXHGGBMWSAIMNJRLMCTRJGECDWSXWC,F,2003-06-16,553861650403394,A
899,GZECDFNADTFCHVRXDFQXAUQCURMGNJZCHQXGIEPCKNTJIMVIFI,M,1992-12-14,218778763053241,A
900,GZECDFNADTFCHVRXDFQXAUQCURMGNJZCHQXGIEPCKNTJIMVIFI,M,1992-12-14,127915223885245,B
901,LIXQYFGOUZHRFLQDOECHKIIGVNOQSFVESXITUZMUFTADGAJWHV,M,1972-04-07,559870304330051,A
902,LIXQYFGOUZHRFLQDOECHKIIGVNOQSFVESXITUZMUFTADGAJWHV,M,1972-04-07,096209635304118,B
903,JNNDVPBXNHZWYSQRHEUTGERWFHJUWMCXPYGTIZNFUGBUGDKLAU,F,1974-10-27,994002720516377,A
904,FPGINFKVTAYPUVZGZFRYFMUYXGZTQHXUNNGQYUGWAFJINDIIFW,M,1976-06-15,731823443476709,A
905,NIMNRWMXHLBHDCDEATWYUBEBJXDOXUAIQVVFZTUOQQPDHVJHUD,M,2001-12-26,629196219314168,A
906,NNMPHPDRHMFQDXIPKPLUEALTYXOFMXYYDNBELZUKVEPTLSVOKC,M,2004-12-07,653652999486343,A
907,AGSVFYPOJEGYLAXFUXEGRWVCZNHZIRMJBRPJTRQXXFRMPMSIWH,M,1991-09-11,314659249552932,A
908,AGSVFYPOJEGYLAXFUXEGRWVCZNHZIRMJBRPJTRQXXFRMPMSIWH,M,1991-09-11,330433916813540,B
909,CBYCLFSSHGFEUWWSJBJIYGUCSSAWUMBNSTCPYRTFRQGWOMPHDV,M,1999-05-25,460644498344127,A
910,CBYCLFSSHGFEUWWSJBJIYGUCSSAWUMBNSTCPYRTFRQGWOMPHDV,M,1999-05-25,256328072029948,B
911,DVSSKQSLZXIVPYDEYZRWYKHQGJYQEPIZYTFCPLPPINYXYJXBGC,F,1995-06-17,398835495489691,A
912,DVSSKQSLZXIVPYDEYZRWYKHQGJYQEPIZYTFCPLPPINYXYJXBGC,F,1995-06-17,917405048325413,B
913,ILYEGSSMLEPBVJEZWHZQFDTVYCBFZHWSRBNTXHKOQTKXQSINCG,M,1999-01-11,191480467485171,A
914,TDHGFOBDEXJVGAXZDIBDFQLAZDNTZWYCJDZIMUFUSTBAUETMYP,F,1986-05-15,390821920866711,A
915,CODRSMZWFETFLIUHQISEVJQJTUUSLLCEGLKPHMWTUZJFXNRKEO,F,1974-07-27,684946080703528,A
916,NRQYMPBQCZDYXJSXPJNARAJTUQBYVLCGDECUXFZWATFGTTIYSR,F,1983-08-19,051299291453686,A
917,OAPMOHGGYAKIUMBYLGASBAPYDBHXWAZXGCEMRXKMDDIOBCNUHR,M,1992-01-26,134482829247138,A
918,FTPXOBBUWAPLAIHPXYMLEMAZNAQLHPYPEQDSAEXAMFWNMYNXWS,F,1976-10-09,628563174655894,A
919,FTPXOBBUWAPLAIHPXYMLEMAZNAQLHPYPEQDSAEXAMFWNMYNXWS,F,1976-10-09,757481237713794,B
920,PYTCQNCRJLWSIOEGOWRJDNBRWILPDDFTTBUZCPMRVSCAZRJMZH,F,1994-11-27,578317935572398,A
921,PYTCQNCRJLWSIOEGOWRJDNBRWILPDDFTTBUZCPMRVSCAZRJMZH,F,1994-11-27,600475790574409,B
922,IBSJMMPRQHJSRQAPFBRRYXXIUTLQVZZPNSQHODXXRGATKQFERL,F,2008-11-16,380397898133032,A
923,JRJJIMUNTOZOYPEXVEGCHMVJTLTWPIQTCCISZWYTBHWGKCHKBY,F,1972-07-15,150674870129474,A
924,JRJJIMUNTOZOYPEXVEGCHMVJTLTWPIQTCCISZWYTBHWGKCHKBY,F,1972-07-15,665145747859400,B
925,CSAODEINEQMTYAIGZCDSNIUTLXEVZSSBIZLCCOZKHKXBWNHVZB,F,2005-08-13,034541144914242,A
926,CSAODEINEQMTYAIGZCDSNIUTLXEVZSSBIZLCCOZKHKXBWNHVZB,F,2005-08-13,683913023215095,B
927,PTTJPJTRGTJLVEOMNOHELCASCBQVDBIJORSIAUJWGZGVLWVDFB,F,1999-06-16,491692964406260,A
928,PTTJPJTRGTJLVEOMNOHELCASCBQVDBIJORSIAUJWGZGVLWVDFB,F,1999-06-16,138536389686496,B
929,HIMIDPGFQEVETFKCAIVHDQJAAHWYOFPZTFOOAPJWRQGDTZOFHN,M,2003-12-18,423271270108390,A
930,HIMIDPGFQEVETFKCAIVHDQJAAHWYOFPZTFOOAPJWRQGDTZOFHN,M,2003-12-18,420969993634705,B
931,AZUBSEPQAFMAOOBDWPDKHNVMZKSJFSVVLZBDFFSEWKIKVNOZBN,F,1971-05-17,004569805957277,A
932,AZUBSEPQAFMAOOBDWPDKHNVMZKSJFSVVLZBDFFSEWKIKVNOZBN,F,1971-05-17,492207923246535,B
933,MLGTBAGXIHIDOUYNZQUYQBDGAQWAWEAKXJWVNBKZMALHNXAOPU,M,1971-07-19,645650194165384,A
934,MLGTBAGXIHIDOUYNZQUYQBDGAQWAWEAKXJWVNBKZMALHNXAOPU,M,1971-07-19,641339864379105,B
935,AMKCWFLDWLUGUUTKDVVGQCQKFPJZVWHGSIGRLZXHWWZFGNJBCM,M,1989-08-23,692163864807808,A
936,ZDCUUQSRCDTNIABQJBTRQHMTJAFVJTUKRCTYJENICCBGQCYHFS,F,1984-11-05,426874501652312,A
937,KDIQFKXGPGWHEZYSKQIWGWCAVGUKDKGBPGOQGCFENGXAUOCPMU,M,2006-03-31,268495046620808,A
938,FFLMRUQYTGUDGODLDCOAPMPBETTDMEPQEQRYOFHAVHYRKCGOGW,M,1976-04-18,434972207196492,A
939,GMTALWJCWNNELLCSWTLQQLOUTNAYIXLMARKHSVRDBMKNEHZCDA,F,1985-08-25,720619808498032,A
940,GMTALWJCWNNELLCSWTLQQLOUTNAYIXLMARKHSVRDBMKNEHZCDA,F,1985-08-25,044063504303377,B
941,VBTEOJWYWTMQZPLSZWNBWTRNJYNNCXXAWDXVBXIYRUPAVGCPWQ,M,2009-04-21,575410823105105,A
942,VBTEOJWYWTMQZPLSZWNBWTRNJYNNCXXAWDXVBXIYRUPAVGCPWQ,M,2009-04-21,333782259192567,B
943,IOEPYDCMRCWPJJIBGUNXUGJESLOLMQQJDQNLDKOVIVALYZKVLB,F,1974-08-29,184562588207540,A
944,IOEPYDCMRCWPJJIBGUNXUGJESLOLMQQJDQNLDKOVIVALYZKVLB,F,1974-08-29,018386153989334,B
945,EGNRVHGSCARLVPCZCKCUQXTFBQNUGNKQUTFUDSGXYQWGYZJWHQ,M,1982-09-20,068081731282215,A
946,EGNRVHGSCARLVPCZCKCUQXTFBQNUGNKQUTFUDSGXYQWGYZJWHQ,M,1982-09-20,740144277265062,B
947,HVCGYUGQXNTBKDQYIOEKMXGYACLINCTANOTFZDETTATCTIBKDR,F,2001-09-18,710708619997465,A
948,HVCGYUGQXNTBKDQYIOEKMXGYACLINCTANOTFZDETTATCTIBKDR,F,2001-09-18,516343044852429,B
949,HFELQCNOEPZGXAWUHOGRPUQCCESTQHGCNFJITZHLOJIMRVVBBI,M,1989-02-23,784118230254606,A
950,HFELQCNOEPZGXAWUHOGRPUQCCESTQHGCNFJITZHLOJIMRVVBBI,M,1989-02-23,618109454690690,B
951,QCKLVYDLMJHEETRLEBYHQIPJXUICZXEKDQTUVEMWFYDCWUWLTE,F,1985-05-25,037207370221375,A
952,QCYPZPSXGHJMYILKKSICGRNTBOLQEXBJTMKNBEKLVMQYUQHKZW,M,1988-06-03,448032444812435,A
953,QCYPZPSXGHJMYILKKSICGRNTBOLQEXBJTMKNBEKLVMQYUQHKZW,M,1988-06-03,466719093803518,B
954,YYOIZQNZCHXJBIGPMDWEIFPWNDGUATZXSRFCSMYXKVXSVRVUAU,F,2000-08-05,254069660374695,A
955,YYOIZQNZCHXJBIGPMDWEIFPWNDGUATZXSRFCSMYXKVXSVRVUAU,F,2000-08-05,655419544313657,B
956,UHOTJIAMCJTPWAOYMHMZFJXHYIZKWNFSDQXORUBRESGHTMJHMX,M,1983-01-29,474165178287888,A
957,QZVQILESBCPJHMZAVXEWPCXTRDAKGHCLZLNCVKACPFQKPUVCND,F,1987-11-13,280965868688447,A
958,AORQJSXDJDKYLWIKAPSPVOUIGYMXYJQQNUWMKJUHZWRCIYDRUR,M,1971-02-13,140149454883169,A
959,PZAZSMFEGPOJXEIQUJRXZDJLOCQKNYRRMRIMWYKXZABMAWQLOD,M,1993-09-16,048217006044070,A
960,LMNWFJUDCRGZHETHASDSQWWVSTEEYAVARIQOTPOKTHTVFGXBPK,M,1978-05-22,199701149493355,A
961,LMNWFJUDCRGZHETHASDSQWWVSTEEYAVARIQOTPOKTHTVFGXBPK,M,1978-05-22,405595720104646,B
962,FGCSNTVBBXEIPKDUKCTVAHRYEPNBLIGQCJQFKIQDKCKDVIVMKH,F,1982-01-04,211999694274757,A
963,AOVRBSZQKCZDKWNUVRYGVUQGBFHNHVKELJXXIYIWBZJSQTCWIY,F,1990-04-21,215022067057708,A
964,AOVRBSZQKCZDKWNUVRYGVUQGBFHNHVKELJXXIYIWBZJSQTCWIY,F,1990-04-21,461850806464141,B
965,AFNKLWBQXCZHLPUFTFINKIKPGAORVULZPKNKKLUHJYCAJJBNBP,F,1979-01-20,685514520004116,A
966,NVVOQYEXLEFALMPDERVOFIWIICJPZLFVTXCQLNBWUGKDYKRRHN,M,2009-11-17,960428553807425,A
967,VCELBUMQDJQASAICCGAXFBRNDNDDFZISNZUHDGZHPFWTZGNVQO,F,1977-02-11,244184047060306,A
968,VCELBUMQDJQASAICCGAXFBRNDNDDFZISNZUHDGZHPFWTZGNVQO,F,1977-02-11,202724512941391,B
969,BQAUEMGNMVBMQSXGSHZXROQBLXJQQTPOMRMRBMSPHMQPTHDTPL,M,1978-08-20,115330442671235,A
970,BQAUEMGNMVBMQSXGSHZXROQBLXJQQTPOMRMRBMSPHMQPTHDTPL,M,1978-08-20,782705391818331,B
971,AFCZALHJRMCAWXCGDMCRJEBQICPIJTPNIOYPOPXZJAMYLPVAXS,F,2006-03-09,529542832445898,A
972,AFCZALHJRMCAWXCGDMCRJEBQICPIJTPNIOYPOPXZJAMYLPVAXS,F,2006-03-09,277568387819910,B
